Sage code,Product name
2N-2WIR-ADP,2N 2Wire (Set of 2 Adaptors and PSU)
2N-EXT-IP-RLY1,"2N External IP Relay - 1 Output & Input, PoE"
2N-EXT-IP-RLY4,"2N External IP Relay - 4 Outputs, PoE"
2N-HEL-GLD-LIC,2N Helios IP Gold Licence
2N-HEL-VER-BBF,2N Flush Installation Box for 3 Helios IP Verso Modules
2N-HEL-VER-BLD,2N Helios IP Verso Blind Panel
2N-HEL-VER-BP2M,2N Helios IP Verso 2 Mod Backplate
2N-HEL-VER-BU,*2N Helios IP Verso Base Unit with Camera - Brushed Nickel
2N-HEL-VER-BU2,2N Helios IP Verso 2.0 Base Unit with Camera - Brushed Nickel
2N-HEL-VER-BU2B,2N Helios IP Verso 2.0 Base Unit with Camera - Black
2N-HEL-VER-BUB,*2N Helios IP Verso Base Unit with Camera - Black
2N-HEL-VER-CRDB,2N Helios IP Verso Secured Card Reader - Bluetooth RFID NFC
2N-HEL-VER-CRDR,2N Helios IP Verso Secured 13.56MHz Smart Card Reader - NFC
2N-HEL-VER-FF,2N Flush Install Frame for 3 Helios IP Verso Module - Nickel
2N-HEL-VER-FF2,2N Flush Install Frame for 2 Helios IP Verso Module - Black
2N-HEL-VER-FFB,2N Flush Install Frame for 3 Helios IP Verso Module - Black
2N-HEL-VER-FOB,2N Mifare RFID Keyfob for Helios IP Verso 13.56MHz Card Rdr
2N-HEL-VER-KPD,2N Helios IP Touch Keypad Module
2N-HEL-VER-TDM,2N Helios IP Verso Touch Display Module
2N-HEL-VER-TKS,2N Helios IP Touch 2 Mod Keypad Module w/ RFID Reader - Secured
2N-INDR-VW-BL,"2N Indoor View 7"" Touchscreen Answering Unit - Black"
2N-INDR-VW-FBB,"2N Flush Installation Box for Indoor View, Compact & Talk"
2N-INDR-VW-WH,"2N Indoor View 7"" Touchscreen Answering Unit - White"
2N-MOB-DEV-SUB,2N My2N Mobile Video Annual Device Subscription
2N-SEC-IP-RLY,2N Helios IP Security Relay
ACA-BRSH-1G,^ACA-Apex 1g brush adapter plate - Black
ACA-BRSH-1GW,^ACA-Apex 1g brush adapter plate - White
ACA-BRSH-2G,^ACA-Apex 2g brush adapter plate - Black
AMI-AIW-BB-FS,^Amina Technologies Backbox (For Plasterboard)
AMI-AIW-BB-SW,^Amina Technologies Backbox (For Solid Wall)
AMI-AIW3-DUAL,^Amina Technologies Wallsound 40W Dual Channel Speaker
AMX-NX-1200-BL,AMX NX1200 Processor - Black
AMX-NX-2200-BL,AMX NX2200 Processor - Black
AMX-NX-3200-BL,AMX NX3200 Processor - Black
AMX-NX-4200-BL,AMX NX4200 Processor - Black
ANT-AVM-70-PRO,Anthem AVM70 AV Processor - 8K
ANT-AVM-90-PRO,Anthem AVM90 AV Processor - 8K
ANT-MCA-225-G2,Anthem MCA225 Amplifier - Gen 2
ANT-MCA-325-G2,Anthem MCA325 Amplifier - Gen 2
ANT-MCA-525-G2,Anthem MCA525 Amplifier - Gen 2
ANT-MCA-RK-KIT,Anthem MCA Amplifier Rack Kit
ANT-MRX-114-8K,Anthem MRX1140 AV Receiver - 8K Version
ANT-MRX-540-8K,Anthem MRX540 AV Receiver - 8K Version
ANT-MRX-740-8K,Anthem MRX740 AV Receiver - 8K Version
ANT-MRX-AVM-RK,Anthem MRX & AVM Rack Kit
ANT-MRX-SLM-4K,Anthem MRX SLIM AV Receiver - 4K
ANT-MRX-SLM-RK,Anthem MRX SLIM AV Receiver Rack Kit
APP-IPA11-128-SG,"Apple iPad Air 11"" Wi-Fi 128GB - Space Grey (2025)"
APP-IPA11-128-SL,"Apple iPad Air 11"" Wi-Fi 128GB - Starlight (2025)"
APP-IPA11-256-SG,"Apple iPad Air 11"" Wi-Fi 256GB - Space Grey (2025)"
APP-IPA11-256-SL,"Apple iPad Air 11"" Wi-Fi 256GB - Starlight (2025)"
APP-IPA11-512-SG,"Apple iPad Air 11"" Wi-Fi 512GB - Space Grey (2025)"
APP-IPA11-512-SL,"Apple iPad Air 11"" Wi-Fi 512GB - Starlight (2025)"
APP-IPD-20W-PA,Apple 20W USB-C Power Adapter
APP-IPD11-128-SI,"Apple iPad 11"" Wi-Fi 128GB - Silver (2025)"
APP-IPD11-256-SI,"Apple iPad 11"" Wi-Fi 256GB - Silver (2025)"
APP-IPD11-512-SI,"Apple iPad 11"" Wi-Fi 512GB - Silver (2025)"
APP-IPM-128-SPG,Apple iPad Mini 7 Wi-Fi 128GB - Space Grey (2024)
APP-IPM-128-STL,Apple iPad Mini 7 Wi-Fi 128GB - Starlight (2024)
APP-IPM-256-SPG,Apple iPad Mini 7 Wi-Fi 256GB - Space Grey (2024)
APP-IPM-256-STL,Apple iPad Mini 7 Wi-Fi 256GB - Starlight (2024)
APP-MAC-MIN-HG,Apple Mac Mini  - Top Spec
APP-MAC-MIN-SD,Apple Mac Mini  - Base Model
APP-TV-128-4K,Apple TV 128GB Wi-Fi + Ethernet - Ultra HD 4K (2022)
ART-320-INW-SB,Artison RCC 320 In-wall Subwoofer
ART-AMP-BPK-P5,Artison Backpack P-5
ART-AMP-RCC-1000,Artison RCC 1000 Sub Amplifier
ART-STU-DIO-46,Artison Studio-46 Soundbar
ART-STU-DIO-55,Artison Studio-55 Soundbar
ART-STU-DIO-65,Artison Studio-65 Soundbar
ATEN-PDU-IP-8P,"ATEN 8 Port 19"" Horizontal PDU"
ATEN-PDU-TP-SEN,ATEN PDU Temperature & Humidity Sensor
ATEN-UPS-15-00,"ATEN Professional Online UPS, 1500VA"
ATEN-UPS-30-00,"ATEN Professional Online UPS, 3000VA"
ATEN-UPS-30-BAT,ATEN Additional External Battery for OL3000HV UPS
ATEN-UPS-SN-MP,ATEN SNMP Card For UPS Remote Monitoring
AWE-THX-CALIB,AWE THX Calibration of a Screen
B&W-700-FS-ST,"B&W Stands for 705, 706 and 707 - Black or Silver"
B&W-702-FS-SP,B&W 702 Floorstanding Speaker (1 Pair) - (Blk/Wh)
B&W-703-FS-SP,B&W 703 Floorstanding Speaker (1 Pair) - Specify Colour
B&W-704-FS-SP,B&W 704 Floorstanding Speaker (1 Pair) - Specify Colour
B&W-705-SM-SP,B&W 705 Standmount Speaker (1 Pair) - Specify Colour
B&W-706-SM-SP,B&W 706 Standmount Speaker (1 Pair) - Specify Colour
B&W-707-SM-SP,B&W 707 Standmount Speaker (1 Pair) - Specify Colour
B&W-AM-1-WM-BL,B&W Weatherproof Monitor Speakers (Pair) - Black
B&W-AM-1-WM-WH,B&W Weatherproof Monitor Speakers (Pair) - White
B&W-ASW-608-SB,B&W ASW 608 Active Subwoofer - Black
B&W-ASW-610-SB,B&W ASW 610 Active Subwoofer - Black
B&W-CCM-362-WH,B&W CCM362 Circular Ceiling Speaker (pair) - White
B&W-CCM-382-WH,B&W CCM382 Circular Ceiling Speaker (pair) - White
B&W-CCM-66-GR,"B&W 600 Series Square Grills For 6"" Speakers (Pair)"
B&W-CCM-663-SR,B&W CCM 663 Kevlar Stereo Inceiling Speaker (Single)
B&W-CCM-663-WH,B&W CCM 663 Glass Fibre Inceiling Speaker (Pair)
B&W-CCM-664-SR,B&W CCM 664 Glass Fibre Stereo Inceiling Speaker (Single)
B&W-CCM-664-WH,B&W CCM 664 Glass Fibre Inceiling Speaker (Pair)
B&W-CCM-665-WH,B&W CCM 665 Glass Fibre Inceiling Speaker (Pair)
B&W-CCM-68-GR,"B&W 600 Series Square Grills For 8"" Speakers (Single)"
B&W-CCM-682-WH,B&W CCM 682 Kevlar Inceiling Speaker (Pair)
B&W-CCM-683-WH,B&W CCM 683 Kevlar Inceiling Speaker (Pair)
B&W-CCM-684-WH,B&W CCM 684 Glass Fibre Inceiling Speaker (Pair)
B&W-CCM-73-WH,B&W CCM 7.3 Kevlar Inceiling Square Speaker (Single)
B&W-CCM-75-S2,B&W CCM 7.5 2 Way Inceiling Round Speaker (Single)
B&W-CCM-75-WH,^B&W CCM 7.5 2 Way Inceiling SQUARE S1 Speaker (Single)
B&W-CCM-85D-WH,B&W CCM8.5D Diamond Inceiling Square (Single) Requires BBOX
B&W-CCM-BBOX,B&W Steel Back Box for all 600 Series CCM Ceiling Speakers
B&W-CCM-BBOX-8.5,B&W Steel Back Box for all CCM 8.5 Ceiling Speakers (Single)
B&W-CDA-2HD,B&W CDA-2HD 2 Channel DSP Amplifier
B&W-CWM-362-WH,B&W CWM 362 160mm polypropylene Bass/mid drive unit (pairs)
B&W-CWM-65-BB,Backbox for B&W CWM600 Series In-wall Speakers (Single)
B&W-CWM-652-WH,B&W CWM 652 Kevlar Inwall Speaker (Pair)
B&W-CWM-663-WH,B&W CWM 663 Kevlar Inwall Speaker (Pair)
B&W-CWM-664-WH,B&W CWM 664 Glass Fibre Inwall Speaker (Pair)
B&W-CWM-73-WH,B&W CWM 7.3 Kevlar Inwall Speaker (Single)
B&W-CWM-74-WH,B&W CWM 7.4 Kevlar Inwall Speaker (Single)
B&W-CWM-75-WH,B&W CWM 7.5 Kevlar Inwall Speaker (Single)
B&W-CWM-8.3-DIA,B&W CWM 8.3D Diamond Inwall Speaker(Single) Requires BBOX
B&W-CWM-8.5-DIA,B&W CWM 8.5D Diamond Inwall Speaker(Single) Requires BBOX
B&W-CWM-BBOX-8.3,B&W Inwall back box for CWM8.3D speakers (Single)
B&W-CWM-BBOX-8.5,B&W Inwall back box for CWM8.5D speakers (Single)
B&W-DB-1D-SB,B&W DB1D Active Subwoofer - (Specify Colour)
B&W-DB-2D-SB,B&W DB2D Active Subwoofer - (Specify Colour)
B&W-DB-3D-SB,B&W DB3D Active Subwoofer - (Specify Colour)
B&W-DB-4S-SB,B&W DB4S Active Subwoofer - (Specify Colour)
B&W-FPK-6R,"B&W FPK6R Flush Plaster Kit for 6"" Round Speakers (Single)"
B&W-FPK-6SQ,"B&W FPK6SQ Flush Plaster Kit for 6"" Square Speaker (Single)"
B&W-FPK-8R,"B&W FPK8R Flush Plaster Kit for 8"" Round Speakers (Single)"
B&W-FPK-8SQ,"B&W FPK8SQ Flush Plaster Kit for 8"" Square Speaker (Single)"
B&W-HTM-71-GB,^B&W HTM71 S2 Centre Speaker - Gloss Black
B&W-IWS-3-SUB,B&W In-wall Subwoofer ISW-3
B&W-IWS-4-BB,B&W MDF Backbox for In-wall Subwoofer ISW-4
B&W-IWS-4-SUB,B&W In-wall Subwoofer ISW-4
B&W-IWS-8-SUB,B&W In-wall Subwoofer ISW-8
B&W-M1-SP-BL,B&W M1 Satellite Speaker (Single) - Black
B&W-M1-SP-ST,B&W M1 Satellite Speaker Stands (Pair) - *Specify Colour*
B&W-M1-SP-WH,B&W M1 Satellite Speaker (Single) - White
B&W-MAR-INE6,"B&W Marine6 6"" IP66 Rated CI Speaker (Pair)"
B&W-MAR-INE8,"B&W Marine8 8"" IP66 Rated CI Speaker (Pair)"
B&W-SA-250,^B&W Dedicated Rack Mounted Amplifier
BAT-9V0-DU-BL,Duracell Procell '9v' Batteries - 10 Pack
BAT-AA0-DU-BL,Duracell Procell 'AA' Batteries - 10 Pack
BAT-AAA-DU-BL,Duracell Procell 'AAA' Batteries - 10 Pack
BAT-C00-DU-BL,Duracell Procell 'C' Batteries - 10 Pack
BAT-D00-DU-BL,Duracell Procell 'D' Batteries - 10 Pack
BLU-4K-DOW-SCA,Blustream HDMI 4K Down Scaler with Audio De-Embedder
BLU-4K-DSCAL-SWI,^Blustream HDMI 4K DownScaler & Splitter with ADID
BLU-4K-HD-SW,Blustream SW41AB-V2 4-Way 4K HDMI Switch
BLU-4K-HEX-KIT,Blustream HEX18GARC-KIT 4K Extender Set
BLU-ACM-210,Blustream ACM210 Multicast Advanced Control Module
BLU-HDM-AUD-EX,Blustream HDMI Audio Embedder / De-Embedder
BLU-HDM-SIG-MAN,"Blustream Advanced HDMI2.0 Signal Manager, HDCP2.2"
BLU-IP300-RX-MC,Blustream IP300UHD-RX Multicast UHD Video Receiver
BLU-IP300-TX-MC,Blustream IP300UHD-TX Multicast UHD Video Transmitter
BLU-IP350-RX-MC,Blustream IP350UHD-RX Multicast UHD Video Receiver (Dante)
BLU-IP350-TX-MC,Blustream IP350UHD-TX Multicast UHD Video Transmitter (Dante
BLU-PAC-500-AU,Blustream Passive Audio Over CAT Cable (Pair)
BLU-RSU-2RU-MC,Blustream 4-Way 19'' 2U Rack Shelf Unit
BLU-RSU-6RU-MC,Blustream Universal 19'' 6U Rack Shelf Unit
BNV-KPD-ARI-9B,"Black Nova Aria 9 Button, Single Frame, Crestron - Glass"
BPT-300-AC-00,^BPT 300 Series Call Adaptor
BPT-300-ICP-LR,BPT 300 Series Encoder
BPT-300-RIR-30,^BPT 300 Series Echelon Interface
BPT-300-VAS-30,^BPT 300 Series PSU
BPT-300-XAV-30,^BPT 300 Series Video Modulator
BPT-300-XDV-30,^BPT 300 Series Distributor
BPT-300-XDV-34,BPT 300 Series Distributor - 4 Output
BPT-APP-CRE-01,BPT/XIP Crestron Soft Interface
BPT-APP-LIC-01,XIP Mobile App License 1 User
BPT-AUD-20-BL,"BPT HA/200 - audio module, black"
BPT-CAM-DM-VC8,XIP Camera And Audio Module
BPT-ETI-XIP-GATE,XIP Gateway To Ethernet
BPT-ETI-XIP-SER,XIP Server for LAN
BPT-IMP-HCX-930,BPT Impro2 Door Intelligent Controller with PSU
BPT-IMP-HMO-901,"BPT Impro 8 Input/8 Output module, IPS Module"
BPT-IMP-HMX-901,BPT Impro 2 Door Wiegand Reader/Control Module
BPT-IMP-HRN-980,BPT Impro Desk Mount Registration
BPT-IMP-HRW-900,BPT Impro HRW900 Multi-Discipline Reader
BPT-IMP-HRW-901,BPT Impro HRW901 Multi-Discipline Reader with Keypad
BPT-IMP-HRW-920,BPT Impro HRW920 Wiegand Metal Reader
BPT-IMP-TKX-90,BPT Impro Tag KR - Med Grey
BPT-IMP-TRX-900,^BPT Impro RF Tag (4 Button)
BPT-IMP-UHR-90,^BPT Impro 4 Channel RF Receiver
BPT-IT-300-BL,^BPT IT/300 - telephone interface module
BPT-MTMV-01,BPT Audio/Video Module for X1 System
BPT-MTMV-08,BPT Audio/Video Module for XIP System
BPT-MTMV-IP,BPT Audio/Video Module for IP360 System
BPT-NOV-BB-BW,^BPT Nova 2 Module Back Box (For Brickwork) - Black
BPT-NOV-VM-GR,^BPT Nova Colour Video Module - Grey
BPT-OPA-MON-BB,Opale Embedding Box
BPT-OPA-MON-BL,Opale Video Hands Free Monitor-Colour Display BLACK
BPT-OPA-MON-WH,Opale Video Hands Free Monitor-Colour Display WHITE
BPT-OPA-MON-WW,Opale Video Hands Free Monitor WIDE - Colour Display WHITE
BPT-REL-R1,BPT R/1 Door Relay
BPT-VAS-PSU-101,VAS/101 BPT Power Supplier
BPT-VEP-00-SS,^BPT XIP Stainless Steel Video Entry Panel - Stainless Steel
BPT-VLS-03-GY,BPT XIP 3 Relays Module
BPT-VRM-BB-S1,BPT VRM Backbox Size 1
BPT-VRM-BB-S2,BPT VRM Backbox Size 2
BPT-VRM-BB-S3,BPT VRM Backbox Size 3
BPT-VRM-SH-02,BPT VRM Surface Housing Size 2 - SS
BPT-VRM-V1-SS,BPT 1 Button Video Entry Panel 2 Module - Stainless Steel
BPT-XIP-VA-01,BPT XIP VA/01 Control unit and PSU
BPT-XIP-VA-08,BPT XIP VA/08 Control unit and PSU
BPT-XTS-5IP-BK,"BPT XTS Monitor 5"" Screen - System IP360 - Black"
BPT-XTS-5IP-WH,"BPT XTS Monitor 5"" Screen - System IP360 - White"
BPT-XTS-5KT,"BPT XTS Table Kit - for 5"" Screen"
BPT-XTS-5SI,"BPT XTS Brick Back Box - 5"" Flush"
BPT-XTS-5SIC,"BPT XTS Plasterboard Back Box - 5"" Flush"
BPT-XTS-7IP-BK,"BPT XTS Monitor 7"" Screen, System IP360 - Black"
BPT-XTS-7IP-WH,"BPT XTS Monitor 7"" Screen - System IP360 - White"
BPT-XTS-7KT,"BPT XTS Table Kit - for 7"" Screen"
BPT-XTS-7SI,"BPT XTS Brick Back Box - 7"" Flush"
BPT-XTS-7SIC,"BPT XTS Plasterboard Back Box - 7"" Flush"
BPT-XTS-7WIF-BL,"BPT XTS Monitor 7"" Screen - WIFI - Black"
BPT-XTS-7WIF-WH,"BPT XTS Monitor 7"" Screen - WIFI - White"
BRO-TAP-09-BL,Brother Labelling Tape 9mm - Black - TZe-325
BRO-TAP-09-WH,Brother Labelling Tape 9mm - White - TZe-S221
BRO-TAP-12-BL,Brother Labelling Tape 12mm - Black - TZe-335
BRO-TAP-12-WH,Brother Labelling Tape 12mm - White - TZe-S231
BRO-TAP-18-BL,Brother Labelling Tape 18mm - Black - TZe-345
BRO-TAP-18-WH,Brother Labelling Tape 18mm - White - TZe-S241
BT-VDSL-NTE5,BT Openreach vDSL/ADSL Master Socket MK4
C4-BAT-COV-250,Control4 Battery + Cover for SR-250/SR-260 Remotes
C4-EA1-ENT-BND,^Control4  EA-1 PoE Entertainment Bundle w/ SR260 Remote
C4-HALO-REM-BL,Control4 Halo Remote (Black)
C4-IO-EXT-BL,Control4 IO Extender
C4-LIC-4-SIG,Control4 One Year 4Sight Subscription Kit
C4-REM-CHA-260,Control4 System Remote Control SR260 and Recharging Station
C4-TS-WALL-BOX,Control4 Touch Screen Wall Box - Retrofit - metal
C4-ZGBE-IO,Control4 ZigBee IO
CAB-1.5MM-ELE-BK,Cable - Black 1.5mm² Singlecore LSOH for Lutron
CAB-1.5MM-ELE-BL,Cable - Blue 1.5mm² Singlecore LSOH for Lutron
CAB-1.5MM-ELE-BR,Cable - Brown 1.5mm² Singlecore LSOH for Lutron
CAB-1.5MM-ELE-GY,Cable - Grey 1.5mm² Singlecore LSOH for Lutron
CAB-1.5MM-ELE-WH,Cable - White 1.5mm² Singlecore for Lutron>
CAB-1.5MM-ELE-YG,Cable - Yellow-Green 1.5mm² Singlecore LSOH for Lutron
CAB-BEL-8761,Cable - Belden 8761  2 Core Shielded for LV Lighting (per/m)
CAB-BEL-9540-GY,Cable - Belden Alt (9540) 10 Core LSF 24 AWG - Grey (per/m)
CAB-DRM-BLI-ND,Cable - Blind Control - White (150m Drum)
CAB-DRM-BT-10PB,Cable - BT 10 Pair External - Black (100m Drum)
CAB-DRM-BT-10PW,Cable - BT 10 Pair Internal + Earth - White (100m Drum)
CAB-DRM-BT-20PB,Cable - BT 20 Pair External - Black (100m Drum)
CAB-DRM-CAT5-STR,Cable - Stranded Cat5 FTP - Grey (305m Drum)
CAB-DRM-CAT6-EXT,Cable - Cat 6 External - Black (305m Drum)
CAB-DRM-CAT6-IB,Cable - Cat6a LSOH - Ice Blue (500m Drum)
CAB-DRM-CAT6-IB3,Cable - Cat6a LSOH - Ice Blue (300m Drum)
CAB-DRM-CAT6-RD,Cable - Cat 6 LSOH - Red (305m Drum)
CAB-DRM-CAT6-STR,Cable - Stranded Cat6 FTP - Grey (500m Drum)
CAB-DRM-CAT7-YW,Cable - Cat7 F/FTP - Yellow (500m Drum)
CAB-DRM-COAX-100,Cable - DFD100 Coax - Black (100m Drum)
CAB-DRM-COAX-125,Cable - DFD125 Co-ax LSZH - Black (250m Drum)
CAB-DRM-COAX-5C,Cable - WF125 5 Core Coax - Black (50m Drum)
CAB-DRM-COAX-5C1,Cable - WF125 5 Core Coax - Black (100m Drum)
CAB-DRM-FIB-SG,"Cable - Cleerline Multimode ""Shotgun"" Fibre (304m Drum)"
CAB-DRM-KNX-100,Cable - KNX 2-Pair - Green (100m Drum)
CAB-DRM-KNX-125,Cable - KNX 2-Pair - Green (250m Drum)
CAB-DRM-LIG-KPD,Cable - Lighting Keypad - Blue (150m Drum)
CAB-DRM-LL-BL,Cable - Line Level - Black (200m Drum)
CAB-DRM-LL-RD,Cable - Line Level - Red (200m Drum)
CAB-DRM-MFB-1.5,Cable - 1.5mm 3 Core Mains Flex - Black (100m Drum)
CAB-DRM-MFW-1.5,Cable - 1.5mm 3 Core Mains Flex - White (100m Drum)
CAB-DRM-SEC-8C,Cable - 8 Core Security - White (200m Drum)
CAB-DRM-SEC-EXT,Cable - External 8 Core PE Security - Black (200m Drum)
CAB-DRM-SPK-BL,"Cable - Speaker 4x2.5mm, LSZH, Black – Audiophile Grade (100m Drum)"
CAB-DRM-SPK-BL1,"Cable - Speaker 4x2.5mm, LSZH, Black – Audiophile Grade (250m Drum)"
CAB-DRM-SPK-BL2,"^Cable - Speaker 4x2.5mm, Black – Steinway (250m Drum)"
CAB-DRM-SPK-DB,Cable - Direct Burial 14/4 Speaker Cable - Black (100m Drum)
CAB-DRM-SPK-WH,Cable - 16/4 Speaker - White (200m Drum)
CAB-FIB-8C-MM,Cable - Data Fibre Optic Cable OM4 8 Core - Black (per/m)
CAB-FIB-8C-SM,Cable - Satellite Fibre Optic Cable OS2 8 Core - Black (per/m)
CAB-FIB-BLO-TB2,Enbeam Fibre 4 Way Blowing Tube (200m Drum)
CAB-FIB-BLO-TBW,Prysmian Fibre 4 Way LSZH Blowing Tube - White (1000m Drum)
CAB-FIB-BLO-TUB,Enbeam Fibre 4 Way Blowing Tube (100m Drum)
CAB-FIB-MM-08,^Cable - SMC Data Fibre Optic - Blue (per/m)
CAB-FIB-SM-08,^Cable - SMC Satellite Fibre Optic - Pink (per/m)
CAB-RG6-01-WH,Cable - RG6 Telewest Coax 75ohm - Black (per/m)
CAM-AP-XE3-4,Cambium XE3-4 WiFi6e Tri Radio 4×4 Access Point
CAM-AP-XE3-8,Cambium XV3-8 WiFi6e Tri Radio 8×8 Access Point
CAM-AP-XV2-23T,Cambium XV2-23T Wi-Fi 6 2X2 Outdoor Access Point
CAM-ROU-NSE-300,Cambium NSE-3000 Network Service Edge Router
CAM-ROU-NSE-LC1,Cambium NSE-3000 Licence - 1 Year Subscription
CAM-ROU-NSE-LC3,Cambium NSE-3000 Licence - 3 Year Subscription
CAM-ROU-NSE-LC5,Cambium NSE-3000 Licence - 5 Year Subscription
CAM-SWT-08-BL,Cambium 8 Port Managed Switch
CAM-SWT-08-FPOE,Cambium 8 Port Managed Switch - Full PoE (400w)
CAM-SWT-08-POE,Cambium 8 Port Managed Switch - PoE+ (200w)
CAM-SWT-08-RMK,Rack Ear for Cambium 8 Port Managed Switch (Single)
CAM-SWT-24-BL,Cambium 24 Port Managed Switch
CAM-SWT-24-P2W,Cambium 24 Port Managed Switch - PoE+ (200w)
CAM-SWT-24-POE,Cambium 24 Port Managed Switch - Full PoE (400w)
CAM-SWT-48-BL,Cambium 48 Port Managed Switch
CAM-SWT-48-POE,Cambium 48 Port Managed Switch - Full PoE (400w)
CARRIAGE,Suppliers Carriage
CHO-SPK-CAR-SIL,Chord Carnival Silver Screen Speaker Cable
CHO-SPK-EPI-TWI,Chord Epic Twin Speaker Cable
CHO-SPK-ODY-100,Chord Odyssey 2 Speaker Cable
CLE-FIB-10G-SFP,Cleerline 10G SFP Transceiver Module - MM
CLE-FIB-1G-SFP,Cleerline 1G SFP Transceiver Module - MM
CLE-HDM-8K-05M,Cleerline SSF 8K Ultra High Definition HDMI Lead - 5m
CLE-HDM-8K-10M,Cleerline SSF 8K Ultra High Definition HDMI Lead - 10m
CLE-HDM-8K-15M,Cleerline SSF 8K Ultra High Definition HDMI Lead - 15m
CLE-HDM-8K-20M,Cleerline SSF 8K Ultra High Definition HDMI Lead - 20m
CLE-HDM-8K-30M,Cleerline SSF 8K Ultra High Definition HDMI Lead - 30m
CLE-HDM-8K-40M,Cleerline SSF 8K Ultra High Definition HDMI Lead - 40m
CLI-BLK-1M-BL,Click 1M Blank Module - Black
CLI-BRSH-1M,Click 1M Clip-in Brush Module - White/White
CLI-BRSH-1M-BL,Click 1M Clip-in Brush Module - Black/Black
CLI-BRSH-1M-WB,Click 1M Clip-in Brush Module - White/Black
COM-SCP-10D-CPL,Commscope 10 dB Coupler  VD-C10-CPUSEW-43
COM-SCP-15D-CPL,Commscope 15 dB Coupler  VD-C15-CPUSEW-43
COM-SCP-20D-CPL,Commscope 20 dB Coupler  VD-C20-CPUSEW-43
COM-SCP-2W-SP,Commscope 2-way Splitter  VD-S2-CPUSEW-H-43
COM-SCP-3W-SPL,Commscope 3-way Splitter  VD-S3-CPUSEW-H-43
COM-SCP-6D-CPL,Commscope 6 dB Coupler  VD-C6-CPUSEW-43
COM-SCP-8D-CPL,Commscope 8 dB Coupler  VD-C8-CPUSEW-43
COM-SCP-F2-HMD,Commscope FSJ2-50 Connector  F2HM-D
COM-SCP-F4-HMD,Commscope FSJ4-50 Connector  F4HM-D
COM-SCP-F4-HRD,Commscope FSJ4-50 Right Angle Connector  F4HR-D
"CON-""F""-CR-00",^Connector - F for CT125 Crimp
"CON-""F""-PH-00",Connector - F Female - Phono Male
"CON-""F""-WB-100",Connector - Webro CX100 F Crimp
"CON-""F""-WB-125",Connector - Webro CX125 F Crimp
"CON-""F""TW-00",Connector - F Twist for CT100
CON-BAN-LL-BL,Connector - Low Level Speaker Sockets -  Gold/Black
CON-BAN-LL-RD,Connector - Low Level Speaker Sockets -  Gold/Red
CON-BAN-PR-BL,Connector - Profigold Speaker Banana Plugs - Black
CON-BAN-PR-RD,Connector - Profigold Speaker Banana Plugs - Red
CON-BLO-06-WH,Connector - 6A Connection Block
CON-BLO-10-WH,Connector - 10A Connection Block
CON-BLO-16-WH,Connector - 16A Connection Block
CON-BLO-BX-WH,Connector - Choc Box for Connection Block
CON-BNC-AD-00,Connector - BNC Coupler - Female
CON-BNC-CT-70,Connector - BNC Crimp Plug for RG59 / URM70
CON-BNC-FC-00,Connector - BNC Male - F Female
CON-BNC-PH-00,Connector - BNC Plug to Phono Socket
CON-BNC-RA-AD,Connector - Right Angle BNC Socket to Plug 75ohm Adapter
CON-BNC-SM-00,Connector - BNC Plug for RG179 / RGBHV
CON-BOX-01-BL,Connector - Waterproof Enclosure 110x110x66 - Black
CON-BOX-01-GY,Connector - Waterproof Enclosure 110x110x66 - Grey
CON-BOX-02-BL,Connector - Waterproof Enclosure 140x140x82 - Black
CON-BOX-02-GY,Connector - Waterproof Enclosure 140x140x82 - Grey
CON-BOX-03-BL,Connector - Waterproof Enclosure 160x140x81 - Black
CON-BOX-03-GY,Connector - Waterproof Enclosure 160x140x81 - Grey
CON-BOX-DL-1G,Appleby 1G 35mm Dry Lining Box
CON-BOX-DL-2G,Appleby 2G 35mm Dry Lining Box
CON-BT-2W-AD,Connector - BT 2 Way Adaptor
CON-BTP-RH-6W,Connector - BT Plug 631A 6 Way - Pack of 25
CON-CAB-SLE-01,Expandable Braided Sleeving  10 - 20mm Black
CON-CAB-SLE-02,Expandable Braided Sleeving  12 - 24mm Black
CON-CAB-SLE-03,Expandable Braided Sleeving  15 - 27mm Black
CON-CAB-SLE-04,Expandable Braided Sleeving  19 - 32mm Black
CON-CAB-SLE-05,Expandable Braided Sleeving  24 - 38mm Black
CON-CAB-SLE-06,Expandable Braided Sleeving  28 - 47mm Black
CON-CAB-SLE-07,Expandable Braided Sleeving  40 - 63mm Black
CON-CAB-SLE-08,Expandable Braided Sleeving  45 - 75mm Black
CON-CAB-SLE-19W,Expandable Braidd Sleeving 19mm White
CON-CAB-SLE-32W,Expandable Braidd Sleeving 32mm White
CON-CAT-05-CP,Connector - Cat 6 Joint Box
CON-CAT-06A-CP,Connector - Cat 6A (Shielded) Joint Box
CON-CPL-FF-00,Connector - F Female - F Female Coupler
CON-DHD-09-BL,Connector - D Type Hoods 9 Way - Black
CON-DIG-CO-OP,Connector - Digital Sound COAX to Optical
CON-DIG-OP-CO,Connector - Digital Sound  Optical to COAX
CON-DSP-09-BL,Connector - D Type Plug 9 Way - Black
CON-DSS-09-BL,Connector - D Type Socket 9 Way - Black
CON-DSS-15-BL,Connector - D Type Socket 15 Way - Black
CON-EMJ-PL-SK,^Connector - 230v 10A Mains Flex Joiner
CON-EML-02-WH,Lead - 2 Way Mains Adaptor - White
CON-EML-04-BL,Lead - 4 Way Surge Protected Mains Extension Lead 2m - Black
CON-EML-04-WH,Lead - 4 Way Surge Protected Mains Extension Lead 2m - White
CON-EML-05-WH,Lead - 4 Way Surge Protected Mains Extension Lead 4m - White
CON-EML-06-WH,Lead - 6 Way Surge Protected Mains Extension Lead 2m - White
CON-EMT-SK-BL,1G Mains Trailing Socket - Black
CON-EMT-SK-BL1,2G Mains Trailing Socket - Black
CON-EMT-SK-WH,1G Mains Trailing Socket - White
CON-FEL-00-00,Connector - F Male - F Female Elbow
CON-FIB-BOX-FOB2,ASSYNIA Fibre Termination Box AS-FOB2
CON-FIB-FC-CP,Connector - Fibre FC/PC Coupler - Singlemode
CON-FIB-FC-SAT,"Connector - Fibre FC Connector, Simplex - Singlemode"
CON-FIB-LC-CP,"Connector - Fibre LC Coupler, Duplex - Multimode"
CON-FIB-LC-DAT,"Connector - Fibre LC Connector, Simplex - Multimode"
CON-FIB-SPL-PRO,Connector - Fibre Splice Protector (Pack of 100)
CON-FNG-TRK-40,"Open Slot Trunking, 40x40mm - 2m Grey (4 Pack)"
CON-FRF-FE-SI,Connector - F-Female - RF Female
CON-FRM-RF-00,Connector - F Female - RF Male
CON-FUS-00-00,Connector - 13a Electrical Fuses - Pack of 10
CON-FUS-00-01,Connector - Electrical Fuses for 5 amp plg (Pack of 10)
CON-FUS-00-02,Connector - Electrical Fuses for 3 amp plg
CON-GCF-09-00,Connector - D F-F Gender Changers - 9 Way
CON-GCM-09-00,Connector - D M-M Gender Changers - 9 Way
CON-GCM-15-00,Connector - Din M-M Gender Changer - 15 Way
CON-GLA-20-BL,20mm Stuffing Gland With Lock Ring - Black
CON-GLA-20-GR,20mm Stuffing Gland With Lock Ring - Grey
CON-GLA-25-BL,25mm Stuffing Gland With Lock Ring - Black
CON-GLA-25-GR,25mm Stuffing Gland With Lock Ring - Grey
CON-GLA-32-BL,32mm Stuffing Gland With Lock Ring - Black
CON-GLA-32-GR,32mm Stuffing Gland With Lock Ring - Grey
CON-HDM-CPL-BL,Connector - HDMI Coupler Black
CON-HDM-DVI-BL,Connector - HDMI TO DVI Convertor
CON-HDM-EL-BL,Connector - HDMI 270 Angle Adaptor - Black
CON-HDM-RA-BL,Connector - HDMI Right Angle Adaptor - Black
CON-HEA-SHR-02,RS PRO Heat Shrink Tubing Black 6.4mm (1.2m Length)
CON-HEA-SHR-03,"RS PRO Heat Shrink Tubing, Black 3mm (10m Roll)"
CON-HEA-SHR-04,"RS PRO Heat Shrink Tubing, Black 12mm (4m Roll)"
CON-IEC-16A-PLG,Connector - 16A IEC Plug - Rewireable
CON-IEC-16A-SK,Connector - 16A IEC Socket - Rewireable
CON-IEC-FS-BL,Connector - IEC Socket - Rewireable
CON-IEC-PL-GR,Connector - IEC Straight Plug Rewireable
CON-IEC-PL-LR,Connector - IEC 90* Male Plug
CON-IEC-SK-LR,Connector - IEC 90* Female Plug
CON-LUT-BOOT-0.5MM-WH,0.5mm White Bootlace Ferrule double tm (Bag of 100)
CON-LUT-BOOT-0.75-BL,0.75mm Blue Bootlace Ferrule double tm (Bag of 100)
CON-LUT-BOOT-1.5MM-RED,1.5mm Red Bootlace Ferrule double tm (Bag of 100)
CON-LUT-BOOT-2.5MM-GRY,2.5mm Grey Bootlace Ferrule double tm (Box of 50)
CON-LUT-MARK-CARD,Marker Cards - Printed 1 to 100 (Pack of 5)
CON-LUT-MCB-BNK,MCB Blanking Strip For LCPs
CON-LUT-TERM-BLK,Future - 4mm Din Terminal Block - Black (Pack of 50)
CON-LUT-TERM-BLU,Future - 4mm Din Terminal Block - Blue (Pack of 50)
CON-LUT-TERM-BRN,Future - 4mm Din Terminal Block - Brown (Pack of 50)
CON-LUT-TERM-ECP,Future - 4mm Terminal End Cap - Grey (Pack of 20)
CON-LUT-TERM-END,Future - End Stop Din Terminal Clamp - Grey (Pack of 2)
CON-LUT-TERM-LNK,Future - 4 Way Orange Terminal Link (Pack of 50)
CON-LUT-TERM-RED,Future - 4mm Din Terminal Block - Red (Pack of 50)
CON-LUT-TERM-WH,Future - 4mm Din Terminal Block - White (Pack of 50)
CON-LUT-TERM-YG,Future - 4mm Din Terminal Block - Earth (Pack of 50)
CON-LUT-TERM-YW,RS - 4mm Din Terminal Block - Yellow (Pack of 10)
CON-MIJ-RS-BL,Connector - Mini Jack Stereo 3.5 mm Plug
CON-MIJ-RW-BL,Connector - Mini Jack Mono 3.5 mm Plug
CON-MJA-25-35,Connector - Mini Jack Stereo 3.5mm Socket - Black
CON-MJS-35-BL,Connector - Mini Jack Mono 3.5mm Socket - Black
CON-PAT-RAL-KS,TUK 24 Port Unpopulated Keystone Patchrail
CON-PDU-06-RK,6 Way Horizontal Rackmount PDU
CON-PH-BNC-00,Connector - BNC Socket to Phono Plug
CON-PH1-RA-AD,Connector - Right Angle Phono Adapter
CON-PH1-RW-BL,Connector - Phono Plug - Gold/Black
CON-PH1-RW-RD,Connector - Phono Plug - Gold/Red
CON-PH2-PLG-90,Connector - Phono 2 90 degree Plug
CON-PHE-02-GR,Connector - Phoenix - 2 Way
CON-PHE-04-GR,Connector - Phoenix - 4 Way (4-pin bus)
CON-PHE-M2-GR,Mini Phoenix Connectors (for AMX) - 2 Way
CON-PHE-M4-GR,Mini Phoenix Connectors (for AMX) - 4 Way
CON-PHF-PH-BL,Connector - Single Phono Female Coupler - Gold
CON-PHO-FM-00,Connector - Phono Female - F Male Adapter
CON-PHS-RD-BL,^Connector - Phono Chassis Socket - Red & Black (pair)
CON-PHT-PH-BL,Connector - Twin Phono Coupler - Black
CON-PLG-05-BL,Connector - Mains Plugs with 5A Fuse - Black
CON-PLG-05-WH,Connector - Mains Plugs with 5A Fuse - White
CON-PLG-RJ-00,Connector - RJ45 Plug (Cat5) - Pack of 10
CON-PLG-RJ-C6A,Connector - RJ45 Plugs (Cat6a Shielded) - Pack of 10
CON-PSU-01-BL,Connector - Universal PSU 12v 2.5amp
CON-PSU-02-BL,Connector - Universal PSU 12v 5amp Regulated
CON-PSU-04-BL,Connector - Universal PSU 12v 1.25amp
CON-PSU-5V-2A,Connector - Universal PSU 5v 4amp
CON-PSU-9V-2A,Connector - Universal PSU 9v 2.66amp
CON-REL-SM-12,Connector - Relay/omron 12dc volts [MINIATURE]
CON-REL-SM-24,Connector - Relay/omron 220 /240 volts [MINIATURE]
CON-REL-SM-B,Connector - Relay Socket Omron 220/240 volts [MINIATURE]
CON-REL1-12-DC,Connector - 12V DC Shrack Relay   8pin
CON-REL1-12-DC1,Connector - 12V DC Shrack Relay  11pin
CON-REL1-12-DCB,Connector - 12V DC Shrack Relay Base 11pin
CON-REL5-BS-BL,Connector - 12V DC Shrack Relay Base 8pin
CON-RJ-45-C6,Connector - RJ45 Plug (Cat6) - Pack of 10
CON-RJ-45-CPL,"Connector - RJ45 Coupler, Cat6"
CON-RJP-11-00,Connector - RJ11 Crimp Plug - Pack of 10
CON-RJP-12-00,Connector - RJ12 Crimp Plug - Pack of 10
CON-SCR-100-35,Connector - 100mm M3.5 Machine Screws BZP - (Box of 100)
CON-SCR-40-35,Connector - 40mm M3.5 Machine Screws BZP - (Box of 100)
CON-SCR-50-35,Connector - 50mm M3.5 Machine Screws BZP - (Box of 100)
CON-SCR-75-35,Connector - 75mm M3.5 Machine Screws BZP - (Box of 100)
CON-SCR-EX-35,M3.5 Extension Stud for Back Box Screws
CON-SMC-AUD-CV,Connector - Monacor Stereo/Mono Audio Converter - SMC-1
CON-SOL-12-GY,Connector - 60/40 Solder
CON-SPN-BNK-PL,Connector - D Shaped Blanking Plate
CON-SPN-MNT-FR,Connector - D Chassis Mounting Plate
CON-SPN-MNT-SCR,Connector - Screws for D Mounts (100pk)
CON-SPN-PAT-PNL,12 Way Rack Patch Panel for speakon / Neutrik Connectors
CON-SPN-PG-00,Connector - Speakon 2 Pole Speaker Neutrik Plug
CON-SPN-PG-4P,Connector - Speakon 4 Pole Speaker Neutrik Plug
CON-SPN-SK-00,Connector - Speakon 2 Pole Speaker Neutrik Socket - Black
CON-SPN-SK-4PL,Connector - Speakon 4 Pole Speaker Neutrik Socket
CON-TAP-DS-CL,"Connector - Double Sided Tape, Clear - 25mm x 2.5m"
CON-TAP-EL-BL,Connector - PVC Electrical Tape - Black
CON-TAP-EL-WH,Connector - PVC Electrical Tape - White
CON-TAP-SA-BL,Connector - Self Amalamating Tape - Black
CON-UPS-1500-BL,APC Smart UPS 1500VA LCD 230v
CON-UPS-1500-BT,APC RBC133 UPS Replacement Battery for SMT1500RMI2UC
CON-UPS-1500-RM,APC Smart UPS 1500VA LCD 230v - Rack Mountable
CON-UPS-2200-BL,APC Smart UPS 2200VA USB & Serial 2u Rack mount
CON-UPS-750-BAT,APC RBC123 UPS Replacement Battery for SMT750RMI2UC
CON-UPS-750-BL,APC Smart UPS 750VA LCD 230v - Standalone
CON-UPS-750-BT,APC RBC48 UPS Replacement Battery for SMT750IC
CON-UPS-750-RM,APC Smart UPS 750VA LCD 230v - Rack Mountable
CON-USB-5V-2A,USB Compact Mains Adapter 5v 2A Output
CON-VGA-COM-CNV,StarTech High Resolution VGA to Composite Converter
CON-WAG-2WY,Wago 2 Way Terminal Block Connector (10pk)
CON-WAG-3WY,Wago 3 Way Terminal Block Connector (10pk)
CON-WAG-5WY,Wago 5 Way Terminal Block Connector (10pk)
CON-WAG-INL-CPL,Wago Inline Splicing Connector (Single)
CON-XLR-PAT-RL,Connector - XLR Socket (For Patch Rail)
CON-XLR-PG-00,Connector - XLR Plug
CON-XLR-SK-00,Connector - XLR Socket (Connector)
CON-ZIP-18-BL,Connector - Cable Zip Ties 100mm x 2.5mm - Black (100 pack)
CON-ZIP-18-NA,Connector - Cable Zip Ties 100mm x 2.5mm -Natural (100 pack)
CON-ZIP-19-BL,Connector - Cable Zip Ties 150mm x 3.2mm - Black (100 pack)
CON-ZIP-19-NA,Connector - Cable Zip Ties 150mm x 3.2mm - Natur (100 pack)
CON-ZIP-20-BL,Connector - Cable Zip Ties 203mm x 4.60mm - Black (100 pack)
CON-ZIP-20-NA,Connector - Cable Zip Ties 203mm x 4.60mm - Natur (100 pack)
CON-ZIP-21-BL,Connector - Cable Zip Ties 380mm x 4.8mm - Black (100 pack)
CON-ZIP-22-BL,Connector - Cable Zip Ties 300mm x 4.6mm - Black (100 pack)
CON-ZIP-BAS-01,Connector - Cable Tie Base - White large
CON-ZIP-BAS-02,Connector - Cable Tie Base - White small
CON-ZIP-BAS-BL,"Connector - Cable Tie Base, Black, 28x28mm, (100 pack)"
CON-ZIP-SAD-BL,"Connector - Cable Tie Saddle Mount, Black (100 pack)"
CON-ZIP-VEL,Velcro Hook and Loop Reel 25m x 15mm (1pk)
CRE-APP-IPAD,Crestron® App for iPad® license from the iTunes® App Store
CRE-BAC-NET-50,Crestron BACnet™/IP Support for 50+ objects
CRE-C2N-UNI-8IO,Crestron Universal Keypad Interface C2N-UNI8IO
CRE-CEN-C3-COM,Crestron 3-Series™ Control Card – 3 COM Ports C3COM-3
CRE-CEN-C3-IO,Crestron 3S Control Card – 16 Versiport I/O Ports C3IO-16
CRE-CEN-C3-IR,Crestron 3-Series™ Control Card – 8 IR Ports C3IR-8
CRE-CEN-C3-R16,Crestron 3-Series™ Control Card – 16 Relay Ports C3RY-16
CRE-CEN-C3-R8,Crestron 3-Series™ Control Card – 8 Relay Ports C3RY-8
CRE-CEN-CI1,Crestron 3-Series® Card Interface - 1 Slot CEN-CI3-1
CRE-CEN-CI3,Crestron 3-Series® Card Interface - 3 Slot CEN-CI3-3
CRE-CEN-IO-COM,Crestron Wired Eth Module with 2 COM Ports CEN-IO-COM-102
CRE-CEN-IO-COM2,Crestron Wi-Fi I/O Extender with 2 COM Ports CEN-IO-COM-202
CRE-CEN-IO-DIN,Crestron Wired Eth Module with 4 Dig Inputs CEN-IO-DIGIN-104
CRE-CEN-IO-DIN2,Crestron Wi-Fi I/O Extend w/ 4 Dig Inputs CEN-IO-DIGIN-204
CRE-CEN-IO-IR,Crestron Wired Ethernet Module with 4 IR Ports CEN-IO-IR-104
CRE-CEN-IO-IR2,Crestron Wi-Fi I/O Extender with 4 IR Ports CEN-IO-IR-204
CRE-CEN-IO-RY,Crestron Wired Eth Module with 4 Relay Ports CEN-IO-RY-104
CRE-CEN-IO-RY2,Crestron Wi-Fi I/O Extender with 4 Relay Ports CEN-IO-RY-204
CRE-CEN-SW-26,Netgear AV 24 Port POE+ Switch (300w) - CEN-SWPOE-26
CRE-CEN-SW-48,Netgear AV 40 Port POE+ Switch (960w) - CEN-SWPOE-48
CRE-CP4-PRO,Crestron CP4 4-Series Control System
CRE-CP4N-PRO,Crestron CP4N 4-Series Control System (w/ Control Subnet)
CRE-DIN-1DIM4,Crestron DIN Rail Universal Dimmer DIN-1DIMU4
CRE-DIN-8SW,Crestron DIN 8 Way Switching Module DIN-8SW8-I
CRE-DIN-AP4,Crestron DIN-AP4 Automation Processor
CRE-DM-NAX-16AIN,Crestron DM NAX Audio-over-IP Network Encoder DM-NAX-16AIN
CRE-DM-NAX-4ZSA,Crestron DM NAX 4+1 Zone Streaming Amplifier DM-NAX-4ZSA-50
CRE-DM-NAX-4ZSP,Crestron DM NAX 4-Zone Streaming Preamplifier DM-NAX-4ZSP
CRE-DM-NAX-8ZSA,Crestron DM NAX 8-Zone Streaming Amplifier DM-NAX-8ZSA
CRE-DM-NVX-351,Crestron DM 4K HDR AV Encoder/Decoder w/Downmix DM-NVX-351
CRE-DM-NVX-351C,Crestron DM 4K HDR AV Enc/Decoder w/Downmix Card DM-NVX-351C
CRE-DM-NVX-D30,Crestron DM 4K HDR Network AV Decoder DM-NVX-D30
CRE-DM-NVX-D30C,Crestron DM 4K HDR Network AV Decoder Card  DM-NVX-D30C
CRE-DM-NVX-E30,Crestron DM 4K HDR Network AV Encoder DM-NVX-E30
CRE-DM-NVX-E30C,Crestron DM 4K HDR Network AV Encoder Card DM-NVX-E30C
CRE-DM-PSU-16,Crestron 16-Port PoDM PSU for DM 8G+® I/O Cards DM-PSU-16
CRE-DM-PSU-8,Crestron 8-Port PoDM PSU for DM 8G+® I/O Cards DM-PSU-8
CRE-DMF-CI-8,"Crestron DM Card Interface for NVX-C, 8 Slots DMF-CI-8"
CRE-HD-CTL-101,Crestron 8K Smart Display Controller w/ HDMI - HD-CTL-101
CRE-HD-DA,Crestron 1-2 HDMI Distribution Amplifier HD-DA-2
CRE-INET-IR-COM,Crestron infiNET EX IR/RS-232 Control Module - INET-IOEX-IRCOM
CRE-INET-RY-IO,Crestron infiNET EX Wireless Relay / IO Module - INET-IOEX-RYIO
CRE-INFI-GW-EXER,Crestron infiNET EX® & ER Wireless Gateway - CENI-GWEXER
CRE-INFI-GW1,"Crestron infiNET SG, EX® & ER Wireless Gateway - CEN-GW1"
CRE-MC4-CON,Crestron MC4 4-Series Control System
CRE-MC4R-CON,Crestron MC4-R Controller for Home OS
CRE-PSU-2420-RU,Crestron PW-2420RU Power Supply 24W
CRE-PSU-DIN-60,Crestron DIN Rail 60 Watt Cresnet Power Supply DIN-PWS60
CRE-REM-HR-310,"Crestron Handheld Remote, Black - International HR-310-I-B"
CRE-REM-HR-310B,Crestron Backlit Engravable Buttons for HR-310-I Remote
CRE-RMC-4K-100,Crestron 4K DM 8G+ Rx & Room Controller 100 DM-RMC-4KZ-100-C
CRE-RMC-4K-SCA,Crestron 4K DM 8G+® Receiver & Room Controller w/Scaler
CRE-RMC4-CON,Crestron RMC4 Room Media Controller
CRE-SPW-30-0S,Crestron C2N-SPWS300 Power Supply Unit - Black
CRE-TS-1070-B,"Crestron 10"" Tabletop Touch Screen - Black  TS-1070-B-S"
CRE-TS-1070-W,"Crestron 10"" Tabletop Touch Screen - White  TS-1070-W-S"
CRE-TSR-310-B,"Crestron TSR-310 Handheld Touch Screen Remote, Black"
CRE-TSW-1070-B,"Crestron 10"" Surface Mount Touch Screen - Black TSW-1070-B-S"
CRE-TSW-1070-W,"Crestron 10"" Surface Mount Touch Screen - White TSW-1070-W-S"
CRE-TSW-570-B,"Crestron 5"" Surface Mount Touch Screen Black TSW-570-B-S"
CRE-TSW-570-W,"Crestron 5"" Surface Mount Touch Screen - White TSW-570-W-S"
CRE-TSW-570P-B,"Crestron 5"" Surface Mount Touch Screen - Black (Portrait)"
CRE-TSW-570P-W,"Crestron 5"" Surface Mount Touch Screen - White (Portrait)"
CRE-TSW-770-B,"Crestron 7"" Surface Mount Touch Screen - Black TSW-770-B-S"
CRE-TSW-770-W,"Crestron 7"" Surface Mount Touch Screen - White TSW-770-W-S"
CRE-USB-ETH-ADP,Crestron 4-Series Compatible USB-Ethernet Adapter
DAN-ENC-24-JB,^Dantech Enclosure 24 Way Junction Box
DAN-PSU-774-LG,Dantech 12V DC 8A Large Wall Mount PSU
DIT-CIS-24FP-C13,Cisco 24-Port Full-POE Managed Switch - C1300-24FP-4X
DIT-CIS-24GB-BL,^Cisco 28-Port Gigabit Managed Switch - SG350-28
DIT-CIS-24P-C13,Cisco 24-Port POE+ Managed Switch - C1300-24P-4G
DIT-CIS-48FP-C13,Cisco 48-Port Full-POE Managed Switch - C1300-48FP-4X
DIT-CIS-48P-C13,Cisco 48-Port POE+ Managed Switch - C1300-48P-4X
DIT-CIS-8FP-C13,Cisco 8-Port Full-POE Managed Switch - C1300-8FP-2G
DIT-CIS-8G-C12,Cisco 8 Port Gigabit Switch  C1200-8T-D
DIT-CIS-CAB-1M,Cisco SFP+ Copper Stacking Cable 1m
DIT-CIS-WAP-PSU,^PSU 12v for Cisco SMB AP
DIT-MER-48FP-SW,Meraki MS210-48FP 48x GigE PoE Switch
DIT-MER-8P-SW,Meraki MS120-8 Cloud Managed 8x GigE Switch
DIT-MER-MR-LIC1,Meraki MR Enterprise Licence 1 Year Subscription
DIT-MER-MR-LIC10,Meraki MR Enterprise Licence 10 Year Subscription
DIT-MER-MR-LIC3,Meraki MR Enterprise Licence 3 Year Subscription
DIT-MER-MR-LIC5,Meraki MR Enterprise Licence 5 Year Subscription
DIT-MER-MR36,Meraki MR36 Cloud Managed AP
DIT-MER-MR44,Meraki MR44 Cloud Managed AP
DIT-MER-MR46,Meraki MR46 Cloud Managed AP
DIT-MER-MX100,^Meraki MX100 Firewall
DIT-MER-MX60-LIC1,*Discontinued unit - Meraki MX60 1 Year Subscription - Renewal
DIT-MER-MX64-LIC1,*Discontinued unit - Meraki MX64 1 Year Subscription
DIT-MER-MX67,Meraki MX67 Firewall
DIT-MER-MX67-LIC1,Meraki MX67 1 Year Subscription
DIT-MER-MX67-LIC3,Meraki MX67 3 Year Subscription
DIT-MER-MX67-LIC5,Meraki MX67 5 Year Subscription
DIT-MER-MX75,Meraki MX75 Firewall
DIT-MER-MX75-LIC1,Meraki MX75 1 Year Subscription
DIT-MER-MX75-LIC3,Meraki MX75 3 Year Subscription
DIT-MER-MX75-LIC5,Meraki MX75 5 Year Subscription
DIT-MER-MX80-LIC1,*Discontinued unit - Meraki MX80 1 year Subscription - Renewal
DIT-MER-MX80-LIC3,*Discontinued unit - Meraki MX80 3 year Subscription - Renewal
DIT-MER-MX84-LIC1,Meraki MX84 1 year Subscription
DIT-MER-MX84-LIC3,Meraki MX84 3 year Subscription
DIT-MER-MX84-LIC5,Meraki MX84 5 year Subscription
DIT-MER-MX95,Meraki MX95 Firewall
DIT-MER-MX95-LIC1,Meraki MX95 1 Year Subscription
DIT-MER-MX95-LIC3,Meraki MX95 3 Year Subscription
DIT-MER-MX95-LIC5,Meraki MX95 5 Year Subscription
DIT-MER-Z1-LIC1,*Discontinued unit - Meraki Z1 1 Year Subscription - Renewal
DIT-MER-Z1-LIC3,*Discontinued unit - Meraki Z1 3 Year Subscription - Renewal
DIT-MER-Z1-LIC5,*Discontinued unit - Meraki Z1 5 Year Subscription - Renewal
DIT-MIC-FT-00,Data/IT - BT - ADSL Microfilter/ Splitter - White
DIT-MOD-ADS-EH,^Data/IT - Draytek Vigor 120 ADSL Ethernet Modem
DIT-MOD-VIG-167,Draytek Vigor 167 VDSL/ADSL2+ Modem Bridge
DIT-POE-INJ-ECT,TP-Link PoE Injector
DIT-REM-PC-MIC,"Dell Pro Micro QCM1250 Desktop, Ultra 5-235T"
DIT-ROU-28-65,Draytek 2865 VDSL + ADSL Router
DIT-ROU-29-27,Draytek Vigor 2927 Dual Ethernet Gigabit WAN router
DIT-ROU-29-27W,Draytek Vigor 2927ac Dual Ethernet Gigabit WAN router - WiFi
DIT-ROU-2927-4G,Draytek Vigor 2927ac Gigabit WAN router - WiFi & 4G
DIT-ROU-REP-PSU,Replacement PSU for Draytek 2865 Router
DIT-WAP-DRA-903,Draytek VigorAP 903 Meshing AP
DIT-WAP-DRA-912,Draytek Vigor AP 912C Access Point
DIT-WAP-DRA-962,Draytek VigorAP 962C WiFi 6 Mesh AP
DRA-J45-FAS-CIA,Draka UC-Connect Flat Keystone Shutter
DYN-BOX-KIT,"Dynabox 6"" Ceiling Kit"
EXC-BNK-KEY-BLK,Excel Blank Keystone Module - Black
EXC-C6-MOD-BL,Excel Cat6 Keystone - Black
EXC-C6-MOD-WH,Excel Cat6 Keystone - White
EXC-C6A-MOD-MET,Excel Cat6A Keystone - Metal
EXC-J45-FAS-01,Excel Office Angled Fascia for Cat6/Cat6a Insert - White
EXC-J45-FAS-02,Excel Office Angled Fascia for Cat6/Cat6a Insert - Black
EXC-J45-FAS-CIA,Excel Euromod Fascia for Cat6/Cat6a Insert - Black
EXC-RCK-42U-600,^Excel Data Cabinet -  ER 42U 600W 600D - Black
F&L-13A-2G-PT,F&L 2G 13A Mains Socket Plate - Paintable
F&L-BNK-01-AB,F&L Blank 1G Plate - Antique Bronze
F&L-BNK-01-BR,F&L Blank 1G Plate - Brushed Brass
F&L-BNK-01-NS,F&L Blank 1G Plate - Nickel Silver
F&L-BNK-01-PT,F&L Blank 1G Plate - Paintable
F&L-BNK-01-PX,F&L Blank 1G Plate - Perpex
F&L-BNK-01-RB,F&L Blank 1G Plate - Raw Brass
F&L-BNK-01-SS,F&L Blank 1G Plate - S. Steel
F&L-BNK-02-BR,F&L Blank 2G Plate - Brushed Brass
F&L-BNK-02-NS,F&L Blank 2G Plate - Nickel Silver
F&L-BNK-02-PT,F&L Blank 2G Plate - Paintable
F&L-BNK-02-RB,F&L Blank 2G Plate - Raw Brass
F&L-BNK-02-SS,F&L Blank 2G Plate - S. Steel
F&L-QUAD-COM,F&L TV/Quad Combo Module
F&L-TVS-01-PX,F&L TV/Sat 1G Plate - Perspex
FAB-SPE-18-BE,Speaker Fabric -1.83m Width (p/mtr) - Beige
FAB-SPE-18-BL,Speaker Fabric -1.83m Width (p/mtr) - Black
FAB-SPE-18-WH,Speaker Fabric -1.83m Width (p/mtr) - White
FAR-PIR-LUT-01,Faradite Lighting PIR for Lutron (Fire Rated) - White
FAR-PIR-LUT-02,Faradite Lighting PIR for Lutron *Bathroom* - White
FOC-A1G-01S-SS,Focus Ambassador Square Edged 1G 1M Faceplate - Stainless St
FOC-A1G-01S-WP,Focus Ambassador 1G 1M Faceplate - White Primed
FOC-A1G-02M-AB,Focus Ambassador Euro 1G 2M Faceplate - Antique Bronze
FOC-A1G-02M-SS,Focus Ambassador 1G 2M Faceplate - Stainless Steel
FOC-A1G-02M-WP,Focus Ambassador Euro 1G 2M Faceplate - White Primed
FOC-A1G-02S-PN,Focus Ambassador Sq. Edged 1G 2M Faceplate - Polished Nickel
FOC-A1G-02S-SS,Focus Ambassador Square Edged 1G 2M Faceplate - Stainless St
FOC-A1G-02S-WP,Focus Ambassador Square Edged 1G 2M Faceplate - White Primed
FOC-A1G-BK-AB,Focus Ambassador 1G Blank Faceplate - Antique Bronze
FOC-A1G-BK-PT,Focus Ambassador 1G Blank Faceplate - White Primed
FOC-A1G-BK-SS,Focus Ambassador 1G Blank Faceplate - Stainless Steel
FOC-A1G-BNK-PN,Focus Ambassador Sq.Edged 1G Blank Faceplate-Polished Nickel
FOC-A1G-BNK-SS,Focus Ambassador Sq. Edged 1G Blank Faceplate - Stainless St
FOC-A1G-BNK-WP,Focus Ambassador Sq.Edged 1G Blank Faceplate-White Primed
FOC-A2G-04-AB,Focus Ambassador Euro 2G 4M Faceplate - Antique Bronze
FOC-A2G-04-PT,Focus Ambassador Euro 2G 4M Faceplate - White Primed
FOC-A2G-04-WH,Focus Ambassador Euro 2G 4M Faceplate - White Matt
FOC-A2G-04M-SS,Focus Ambassador 2G 4M Faceplate - Stainless Steel
FOC-A2G-04S-PN,Focus Ambassador Sq. Edged 2G 4M Faceplate - Polished Nickel
FOC-A2G-04S-SS,Focus Ambassador Square Edged 2G 4M Faceplate - Stainless St
FOC-A2G-04S-WP,Focus Ambassador Square Edged 2G 4M Faceplate - White Primed
FOC-A2G-BK-AB,Focus Ambassador 2G Blank Faceplate - Anitque Bronze
FOC-A2G-BK-SS,Focus Ambassador 2G Blank Faceplate - Stainless Steel
FOC-A2G-BK-WP,Focus Ambassador 2G Blank Faceplate - White Primed
FOC-A2G-BNK-PN,Focus Ambassador Sq.Edged 2G Blank Faceplate-Polished Nickel
FOC-A2G-BNK-SS,Focus Ambassador Sq. Edged 2G Blank Faceplate - Stainless St
FOC-A2G-BNK-WP,Focus Ambassador Sq.Edged 2G Blank Faceplate-White Primed
FUT-AL-26-40,"Future Automation  Pop-up Lift Mechanism - 26""-46"" Screens"
FUT-BKT-CU-BL,"Future Automation Pop Up Bracket for 50""+ Screen"
FUT-BKT-DP-AL,"Future Automation Pivot Bracket 19-23"" Screen 90 Deg Turn"
FUT-BKT-DP-BL,"^Future Automation Pivot Bracket for 26-40"" Screen 90deg"
FUT-BKT-DP-SI,"Bracket - Future Swivel wall mount 26""-40"" - Silver"
FUT-BKT-EL-SB,"Bracket - Future flat screen elec wall mount 42""-75"" 90 Deg"
FUT-BKT-FL-80,"Future Automation Flat Bracket for 80-100"" Screen"
FUT-BKT-FL-SL,"Future Automation FB49 Ultra Slim Flat wall bracket - 40""-75"""
FUT-BKT-LCR-PS,Future Automation Speaker Mount for Swivel Bracket
FUT-BKT-LI-FT,"Bracket - Future Automation Plasma Lift for 26-50"" Screens"
FUT-BKT-MOT-CCW,Future Automation HSE90-CCW Motorised Bracket 70+
FUT-BKT-MOT-CW,"Future Automation HSE90-CW Motorised Bracket 70""+"
FUT-BKT-PI-S32,"Future Automation PS32 Articulated TV Wall Mount 32""-55"""
FUT-BKT-PI-SI,"Future Automation PS40 Articulated TV Wall Mount 40""-75"""
FUT-BKT-PI-SI1,"Future Automation PS55 Articulated TV Wall Mount 55""-75"""
FUT-BKT-PI-SI2,"Future Automation PS65 Articulated TV Wall Mount 65""-75"""
FUT-BKT-PI-SI3,"Future Automation PS80 Articulated TV Wall Mount 80""-110"""
FUT-BKT-PR-OJ4,"Future Automation Ceiling Projector Mount System, Universal"
FUT-BKT-TV-CM,Future Automation TV Ceiling Mount
FUT-BKT-V2-SL,Future Automation FB22 Ultra-Slim Bracket
FUT-BKT-WB-42,Future Automation Wall Box for PS40 Bracket
FUT-BKT-WB-50,Future Automation Wall Box for PS55 Bracket
FUT-BKT-WB-60,Future Automation Wall Box for PS65 Bracket
FUT-BKT-WB-80,Future Automation Wall Box for PS80 Bracket
FUT-ENC-LV-LOG1,Future Automation Rack Plate SMC Logo 1U
FUT-ENC-LVHE,Future Automation LVHE Enclosure Kit - DEB24
FUT-ENC-LVHE2,Future Automation LVHE Enclosure Kit - DEB48
FUT-FM-800-01,"Future Automation - Aluminium Floor Mount 26"" to 50"" Screens"
FUT-FM-CUS-TOM,"Future Automation - Aluminum Floor Mount 26"" to 50"" CUSTOM"
FUT-PNL-SVQ-10,Future Automation Blind Pre-wire Lighting Panel
GEN-ADV-CAM-1Y,Genetec Advantage for 1 AIO Camera Connection  – 1 Year
GEN-ADV-RDR-1Y,Genetec Advantage for 1 Synergis Reader – 1 Year
GEN-ADV-SIP-1Y,Genetec Advantage for 1 Sipelia Intercom Connection - 1 Year
GEN-MP1-502-IC,Genetec Mercury Intelligent Controller MP1502
GEN-MR16-OUT-CM,Genetec Mercury MR16OUT 16-relay Output Control Module
GEN-MR52-RIM,Genetec Mercury MR52 2 Reader Interface Module - Series 3
GEN-SC-1SIP-CON,Genetec 1 Intercom Connection (2N)
GEN-SC-IIOT-PI,Genetec 1 Industrial IoT Plugin
GEN-SV-1CAM-CON,Genetec 1 Camera Connection for AIO Devices (SV300)
GEN-SV-SER-16T,Genetec Streamvault Server SV-300E with 16TB
GEN-SV-SER-8TB,Genetec Streamvault Server SV-300E with 8TB
GEN-SY-CLOU-LNK,Genetec Synergis Cloudlink (For all non AIO Systems)
GLO-FIB-2W-SP,Global - Fibre Splitter 2 way
GLO-FIB-3W-SP,Global - Fibre Splitter 3 way
GLO-FIB-4W-SP,Global - Fibre Splitter 4 way
GLO-FIB-8W-SP,Global - Fibre Splitter 8 way
GLO-FIB-GAT-TER,Global - Fibre Optical Quattro GTU and PSU (Mk3)
GLO-FIB-LNB-MDU,Global - FibreMDU Optical LNB & PSU
GLO-FIB-LNB-PSU,Global - FibreIRS 20v PSU Power Supply for GTU
GLO-FIB-O2O-CON,Global O2O Optical To Optical Converter
GLO-FIB-OTX-KIT,Global - Fibre OTX Kit 1310 (OTX + Wideband LNB)
GLO-FIB-SKQ-GTU,Global - Fibre Optical SkyQ Gateway Termination Unit
GLO-LOFT-BOX-IRS,^Global IRS Loft Box - 8 way
HOO-DY-01,"Hoody - Hoody 1 for 5.25"" - 6"" Bass Drivers Dim265mmx160mm"
HOO-DY-02,"Hoody - Hoody 2 for 7"" - 10"" Bass Drivers Dim335mmx180mm"
HUB-BNC-CON-BLK,Keystone BNC Module - Black
HUB-F-CON-BLK,Keystone F Connector Module - Black
HUB-RCA-RED-BLK,Keystone Red RCA - Black
HUB-RCA-WH-BLK,Keystone White RCA - Black
HUB-SPK-MOD-BLK,Keystone Black Speaker Module - Black
HUB-SPK-MOD-RED,Keystone Red Speaker Module - Black
INT-COMP-MNT-PLT,Intuitive Component Mounting Plate
IPO-CON-BAS-STA,iPort Connect Pro BaseStation - (Specify Colour)
IPO-CON-IPA-SL,iPort Connect Pro Case for iPad Air 10.9 / Air 11 - (Specify Colour)
IPO-CON-IPD-SL1,iPort Connect Pro Case for iPad 10.9 - (Specify Colour)
IPO-CON-IPD-SLE,iPort Connect Pro Case for iPad 10.2/10.5 - (Specify Colour)
IPO-CON-IPM-SLE,iPort Connect Pro Case for iPad Mini - (Specify Colour)
IPO-CON-WAL-STA,iPort Connect Pro WallStation - (Specify Colour)
ISO-NEO-PL-UG,^Isotek NeoPlug
JAM-SUB-AMP-M10,"James M1000 Mono Subwoofer Amplifier With DSP, 2U"
JAM-SUB-PP-10,"James 10"" PowerPipe Passive BandPass Sub w/ TK4-3X14-2"
JEN-SEN-VB-1BB,^Jensen ISO MAX VB-1BB
KAL-SER-TP-48TB,Kaleidescape Terra Prime Movie Server - 48TB
KAL-SER-TP-72TB,Kaleidescape Terra Prime Movie Server - 72TB
KAL-SER-TP-96TB,Kaleidescape Terra Prime Movie Server - 96TB
KAL-SER-TP-RM,Kaleidescape Terra Rack Mount Kit
KAL-SER-TPC-08,Kaleidescape Terra Prime Compact Movie Server - 8TB
KAL-SER-TPC-22,Kaleidescape Terra Prime Compact Movie Server - 22TB
KAL-STR-ATO-MP,Kaleidescape Strato C Movie Player
KAL-STR-ATO-RM,Kaleidescape Strato C & Terra Compact Rack Mount Kit
KNX-ABB-PSU-042,Extra Power 24V-30V 0.42A DC PSU (unchoked) for KNX
KNX-BAS-DES-FP,BASALTE Deseo Room Controller Front Plate - Satin White
KNX-BAS-DES-FPB,BASALTE Deseo Room Controller Front Plate - Bronze
KNX-BAS-DES-FPN,BASALTE Deseo Room Controller Front Plate - Nickel
KNX-BAS-DES-KP,BASALTE Bus Coupler for Deseo
KNX-BAS-MOT-DET,BASALTE Auro Motion Detector - White
KNX-BAS-MOT-DET2,BASALTE Auro Motion Detector - Black
KNX-BAS-SEN-FP,BASALTE Sentido Front Quadruple - Satin White
KNX-BAS-SEN-FPB,BASALTE Sentido Front Quadruple - Bronze
KNX-BAS-SEN-FPN,BASALTE Sentido Front Quadruple - Nickel
KNX-CON-WAG-RB,Wago KNX bus connectors red / black  (pack of 50)
KNX-CON-WAG-YW,Wago KNX bus connectors yellow / white  (pack of 50)
KNX-GIR-DALI-1,"GIRA DALI Gateway up to 64 Devices with ""Tunable White"""
KNX-GIR-G1-BLK,"GIRA G1 6"" Touch Screen POE Glass BLK"
KNX-GIR-G1-WH,"GIRA G1 6"" Touch Screen POE Glass WH"
KNX-GIR-HM-SVR,GIRA HomeServer
KNX-GIR-KP-B1G,GIRA Touch sens.3 Basic 1-g Pushbutton Insert
KNX-GIR-KP-B3G,GIRA Touch sens.3 Basic 3-g Pushbutton Insert
KNX-GIR-KP-C1G,GIRA Touch sens.3 Komfort 1-g Pushbutton Insert
KNX-GIR-KP-C3G,GIRA Touch sens.3 Komfort 3-g Pushbutton Insert
KNX-GIR-KP-C6G,GIRA Touch sens.3 Komfort 6-g Pushbutton Insert
KNX-GIR-KP-CPL,GIRA Bus Coupler Mark 3 for Gira KP Touch S3 line Keypads
KNX-GIR-KP-P2G,GIRA Touch sens.3 Plus 2-g Pushbutton Insert
KNX-GIR-KP-P5G,GIRA Touch sens.3 Plus 5-g Pushbutton Insert
KNX-GIR-L1,GIRA KNX L1 Logic Module
KNX-GIR-LIN-CPL,GIRA Line Coupler
KNX-GIR-PM-10V,"GIRA KNX control unit 1-10 V, 4-gang"
KNX-GIR-PM-1CH,GIRA KNX 1x500W Channel Universal Dimming or Motor Actuator
KNX-GIR-PM-2CH,GIRA KNX 2x300W Channel Universal Dimming Actuator
KNX-GIR-PSU-32,GIRA Power Supply 320mA
KNX-GIR-PSU-64,GIRA Power Supply 640mA
KNX-GIR-RM-CO2,GIRA Room CO2 / Temperature / Humidity Sensor Insert
KNX-GIR-SW-C4,GIRA C-LOAD 4 x 16A Switching with Current detection
KNX-GIR-SW-C8,GIRA C-LOAD 8 x 16A Switching with Current detection
KNX-GIR-USB-INT,GIRA USB to KNX Interface
KNX-GIR-X1,GIRA KNX X1 App Visualisation Module
KNX-THE-ALP-24,THEBEN ALPHA 5 Actuator 24V
KNX-THE-DM-2T,THEBEN FIX DM 2T- 2 Way 400W Universal Dimming
KNX-THE-DM-4T,THEBEN FIX DM 4T- 4 Way 400W Universal Dimming
KNX-THE-DM4-2T,THEBEN FIX DM 4-2T- 4 Way 200W Universal Dimming
KNX-THE-DM8-2T,THEBEN FIX DM 8-2T- 8 Way 200W Universal Dimming
KNX-THE-DME-2T,THEBEN MIX DME2T- 2x400W Universal Dimming Ext Actuator
KNX-THE-DMG-2T,THEBEN MIX DMG2T- 2x400W Universal Dimming Base Actuator
KNX-THE-HMG-6T,THEBEN HMG6T - 6 Channel Heating Base Module
KNX-THE-HMT-12S,THEBEN HMT12 S - 12 Channel Actuator - 24V
KNX-THE-HMT-6S,THEBEN HMT6 S - 6 Channel Actuator - 24V
KNX-THE-JM-8T,THEBEN FIX JM 8T - 8 Way Blind Actuator
KNX-THE-LIN-CPL,THEBEN Line Coupler
KNX-THE-PIR-PWH,Theben ThePrema S360 WH - PIR
KNX-THE-PIR-RWH,Theben TheRonda S360 WH - PIR IP54 with Adp Light Ctr
KNX-THE-PIR-SWH,Theben PlanoSpot 360 WH - PIR with Adp Light Ctr & Occ
KNX-THE-RM-16T,THEBEN FIX RM 16T - 8 Way Blind / 16 x 16A SW Actuator
KNX-THE-RME-4I,THEBEN MIX RME 4I - 4 x 16A C-LOAD SW with I detect Ext Act
KNX-THE-RME-8T,THEBEN MIX RME 8T - 4 x Blinds / 8 x 16A SW Ext Actuator
KNX-THE-RMG-4I,THEBEN MIX RMG 4I - 4 x 16A C-LOAD SW with I detect Base Act
KNX-THE-RMG-8T,THEBEN MIX RMG 8T - 4 x Blinds / 8 x 16A SW Base Actuator
KNX-THE-SME-2S,THEBEN MIX SME2S - 2 Way 0-10v Extension Actuator
KNX-THE-SMG-2S,THEBEN MIX SMG2S - 2 Way 0-10v Base Actuator
KNX-THE-TA-PR,THEBEN TA S KNX Push Button compatibile Floor Temp Probe
KNX-THE-TA2-PB,THEBEN TA2 S KNX Push Button Interface
KNX-THE-TA4-PB,THEBEN TA4 S KNX Push Button Interface
KNX-THE-TA6-PB,THEBEN TA6 S KNX Push Button Interface
KNX-THE-TA8-PB,THEBEN TA8 S KNX Push Button Interface
KNX-ZEN-8QUA-INP,ZENNIO RailQUAD 8. Input module DIN rail
KNX-ZEN-LIN-CPL,ZENNIO Line Coupler
KNX-ZEN-QUA-INP,ZENNIO QUAD Plus 4. Input module
KNX-ZEN-TEM-THM,ZENNIO Small Thimble Temperature Probe - Finish SS
KRO-BAC-MO-05,Krone Backmount Frame 5 way
KRO-BAC-MO-10,Krone Backmount Frame 10 way
KRO-BOX-25-WH,Krone 251A Box - White
KRO-BOX-30-WH,Krone 301A Box - White
KRO-BTD-AD-WH,BT Double adaptor - White
KRO-BTM-SO-WH,Krone BT Surface Master Socket
KRO-BYN-45-GY,Krone BT - Flying Lead PBX Master - White
KRO-BYN-45-SE,Krone BT - Flying Lead PBX Secondary - White
KRO-LAB-HO-GR,Krone Label Holder & Labels for 237A Krone Strips
KRO-SKT-ADSL,ADSL / BT Combined Faceplate - White
KRO-SKT-BT-BB,Krone BT Back Box
KRO-SKT-BT-W2,Krone Twin BT Socket - White
KRO-SKT-BT-WD,Krone Single ISDN Socket - White
KRO-SKT-BT-WH,Krone Single BT Socket - White
KRO-STP-01-00,Krone 237A Connection Strip - Cream
LEA-9PD-RS-F,Lead - RS232 Female - Female 2m
LEA-9PD-RS-MF,Lead - RS232 Male - Female 2m
LEA-CAT6-SH-0M-BL,Lead - Cat6 Shielded Patch Lead (0.5m) - Grey
LEA-CAT6-SH-10M-BL,Lead - Cat6 Shielded Patch Lead (10.0m) - Grey
LEA-CAT6-SH-15M-BL,Lead - Cat6 Shielded Patch Lead (15.0m) - Grey
LEA-CAT6-SH-1M-BL,Lead - Cat6 Shielded Patch Lead (1.0m) - Grey
LEA-CAT6-SH-20M-BL,Lead - Cat6 Shielded Patch Lead (20.0m) - Grey
LEA-CAT6-SH-2M-BL,Lead - Cat6 Shielded Patch Lead (2.0m) - Grey
LEA-CAT6-SH-3M-BL,Lead - Cat6 Shielded Patch Lead (3.0m) - Grey
LEA-CAT6-SH-5M-BL,Lead - Cat6 Shielded Patch Lead (5.0m) - Grey
LEA-CAT6-SH-7M-BL,Lead - Cat6 Shielded Patch Lead (7.0m) - Grey
LEA-CAT6-UN-0M-BL,Lead - Cat6 Unshielded Patch Lead (0.5m) - Black
LEA-CAT6-UN-10M-BL,Lead - Cat6 Unshielded Patch Lead (10.0m) - Black
LEA-CAT6-UN-1M-BL,Lead - Cat6 Unshielded Patch Lead (1.0m) - Black
LEA-CAT6-UN-2M-BL,Lead - Cat6 Unshielded Patch Lead (2.0m) - Black
LEA-CAT6-UN-3M-BL,Lead - Cat6 Unshielded Patch Lead (3.0m) - Black
LEA-CAT6-UN-5M-BL,Lead - Cat6 Unshielded Patch Lead (5.0m) - Black
LEA-CAT6-UN-7M-BL,Lead - Cat6 Unshielded Patch Lead (7.0m) - Black
LEA-CAT6-UN-WH0,Lead - Cat6 Unshielded Patch Lead (0.5m) - White
LEA-CAT6-UN-WH1,Lead - Cat6 Unshielded Patch Lead (1.0m) - White
LEA-CAT6-UN-WH10,Lead - Cat6 Unshielded Patch Lead (10.0m) - White
LEA-CAT6-UN-WH2,Lead - Cat6 Unshielded Patch Lead (2.0m) - White
LEA-CAT6-UN-WH3,Lead - Cat6 Unshielded Patch Lead (3.0m) - White
LEA-CAT6-UN-WH5,Lead - Cat6 Unshielded Patch Lead (5.0m) - White
LEA-CAT6-UN-WH7,Lead - Cat6 Unshielded Patch Lead (7.0m) - White
LEA-COM-V5-BL,Lead - High Quality Composite Video Lead (5m)
LEA-FG8-01-BL,Lead - Figure 8 Mains (2m) - Black
LEA-FG8-05-BL,Lead - Figure 8 Mains (5m) - Black
LEA-FIB-FC-10M,Lead - Singlemode FC/PC Fibre Lead - 10m
LEA-FIB-FC-15M,Lead - Singlemode FC/PC Fibre Lead - 15m
LEA-FIB-FC-1M,Lead - Singlemode FC/PC Fibre Lead - 1m
LEA-FIB-FC-3M,Lead - Singlemode FC/PC Fibre Lead - 3m
LEA-FIB-FC-5M,Lead - Singlemode FC/PC Fibre Lead - 5m
LEA-FIB-FC-PT,Lead - Singlemode FC OS2 PigTail Lead - 1m
LEA-FIB-LC-10M,Lead - Multimode LC/LC Fibre Lead - 10m
LEA-FIB-LC-15M,Lead - Multimode LC/LC Fibre Lead - 15m
LEA-FIB-LC-1M,Lead - Multimode LC/LC Fibre Lead - 1m
LEA-FIB-LC-2M,Lead - Multimode LC/LC Fibre Lead - 2m
LEA-FIB-LC-3M,Lead - Multimode LC/LC Fibre Lead - 3m
LEA-FIB-LC-5M,Lead - Multimode LC/LC Fibre Lead - 5m
LEA-FIB-LC-PT,Lead - Multimode LC OM3 PigTail Lead - 1m
LEA-HDM-0.5M-8K,HDMI Cable Micro Form 8K - 0.5m
LEA-HDM-1M-8K,HDMI Cable Micro Form 8K - 1m
LEA-HDM-2M-8K,HDMI Cable Micro Form 8K - 2m
LEA-HDM-3M-8K,HDMI Cable Micro Form 8K - 3m
LEA-IEC-02-BL,Lead - IEC to Mains (2m) - Black
LEA-IEC-05-BL,Lead - IEC to Mains (5m) - Black
LEA-IEC-16A-BL,Lead - 16A IEC to 16A IEC (5m) - Black
LEA-IEC-IEC1-BL,Lead - IEC to IEC (2m) - Black
LEA-MIJ-ST-01,Lead - HQ 3.5mm Jack Plug to Plug - Black (1m)
LEA-MIJ-ST-02,Lead - HQ 3.5mm Jack Plug to Plug - Black (2m)
LEA-MIJ-ST-03,Lead - HQ 3.5mm Jack Plug to Plug - Black (3m)
LEA-MIJ-ST-05,Lead - HQ 3.5mm Jack Plug to Plug - Black (5m)
LEA-OPT-01-GY,Lead - Fibre Optical Audio - Black (1m)
LEA-OPT-02-GY,Lead - Fibre Optical Audio - Black (2m)
LEA-OPT-04-GY,Lead - Fibre Optical Audio - Black (4m)
LEA-OPT-06-GY,Lead - Fibre Optical Audio - Black (6m)
LEA-PAT-RJ-ECO,Cat5 STP Cable Economiser
LEA-PH-2SO-C,Lead Phono Plug to 2 Phono Socket
LEA-PH2-35-BL,Lead - 2 Phono - 3.5mm Stereo Jack Lead (1m)
LEA-PH2-35.10-BL,Lead - 2 Phono - 3.5mm Stereo Jack Lead (10m)
LEA-PH2-35.2-BL,Lead - 2 Phono - 3.5mm Stereo Jack Lead (2m)
LEA-PH2-35.3-BL,Lead - 2 Phono - 3.5mm Stereo Jack Lead (3m)
LEA-PH2-35.5-BL,Lead - 2 Phono - 3.5mm Stereo Jack Lead (5m)
LEA-PH3-01-BL,Lead - 3 Phono - 3 Phono Lead (1m)
LEA-PH3-02-BL,Lead - 3 Phono - 3 Phono Lead (2m)
LEA-PH3-03-BL,Lead - 3 Phono - 3 Phono Lead (3m)
LEA-PH3-04-BL,Lead - 3 Phono - 3 Phono Lead (5m)
LEA-PH3-05-BL,Lead - 3 Phono - 3 Phono Lead (10m)
LEA-PHH-00-BL,Lead - High Quality 2 Phono - 2 Phono Lead (0.5m)
LEA-PHH-01-BL,Lead - High Quality 2 Phono - 2 Phono Lead (1m)
LEA-PHH-02-BL,Lead - High Quality 2 Phono - 2 Phono Lead (2m)
LEA-PHH-03-BL,Lead - High Quality 2 Phono - 2 Phono Lead (3m)
LEA-PHH-05-BL,Lead - High Quality 2 Phono - 2 Phono Lead (5m)
LEA-PHH-10-BL,Lead - High Quality 2 Phono - 2 Phono Lead (10m)
LEA-SV2-BN-C0,Lead - VDC SV TO 2 BNC (15cm)
LIN-DIG-AUD-CVR,Lindy SPDIF Digital to Analogue Stereo Audio Converter
LIN-HDM-AUD-EXT,LINDY HDMI 4K Audio Extractor De-Embedder
LUT-ALE-3C-PRM,Lutron Alisse 3 Column Keypad - Premium Finish
LUT-ALI-1C-MET,Lutron Alisse 1 Column Keypad - Metal Finish (Complete)
LUT-ALI-1C-PRM,Lutron Alisse 1 Column Keypad - Premium Finish (Complete)
LUT-ALI-1C-STD,Lutron Alisse 1 Column Keypad - Standard Finish (Complete)
LUT-ALI-2C-MET,Lutron Alisse 2 Column Keypad - Metal Finish (Complete)
LUT-ALI-2C-PRM,Lutron Alisse 2 Column Keypad - Premium Finish (Complete)
LUT-ALI-2C-STD,Lutron Alisse 2 Column Keypad - Standard Finish (Complete)
LUT-ALI-3C-MET,Lutron Alisse 3 Column Keypad - Metal Finish (Complete)
LUT-ALI-3C-STD,Lutron Alisse 3 Column Keypad - Standard Finish (Complete)
LUT-ALI-BU-2C,Lutron Alisse Base Unit - 1 & 2 Column
LUT-ALI-BU-3C,Lutron Alisse Base Unit - 3 Column
LUT-ALI-KP-1CM,Lutron Alisse 1 Column Keypad - Metal Finish **Keypad Only**
LUT-ALI-KP-1CP,Lutron Alisse 1 Column Keypad - Premium Finish **Keypad Only**
LUT-ALI-KP-1CS,Lutron Alisse 1 Column Keypad - Standard Finish **Keypad Only**
LUT-ALI-KP-2CM,Lutron Alisse 2 Column Keypad - Metal Finish **Keypad Only**
LUT-ALI-KP-2CP,Lutron Alisse 2 Column Keypad - Premium Finish **Keypad Only**
LUT-ALI-KP-2CS,Lutron Alisse 2 Column Keypad - Standard Finish **Keypad Only**
LUT-ALI-KP-3CM,Lutron Alisse 3 Column Keypad - Metal Finish **Keypad Only**
LUT-ALI-KP-3CS,Lutron Alisse 3 Column Keypad - Standard Finish **Keypad Only**
LUT-FCP-IST10-BL,Lutron HWI Int Seetouch 10 Button Faceplate - Black Plastic
LUT-FCP-IST10-MT,Lutron HWI Int Seetouch 10 Button Faceplate - Metal Finish
LUT-FCP-IST10-WH,Lutron HWI Int Seetouch 10 Button Faceplate - White plastic
LUT-FCP-IST2-MT,Lutron HWI Int Seetouch 2 Button Faceplate - Metal Finish
LUT-FCP-IST2-WH,Lutron HWI Int Seetouch 2 Button Faceplate - White plastic
LUT-FCP-IST3-MT,Lutron HWI Int Seetouch 3 Button Faceplate - Metal Finish
LUT-FCP-IST3-WH,Lutron HWI Int Seetouch 3 Button Faceplate - White plastic
LUT-FCP-IST4-MT,Lutron HWI Int Seetouch 4 Button Faceplate - Metal Finish
LUT-FCP-IST4-WH,Lutron HWI Int Seetouch 4 Button Faceplate - White Plastic
LUT-FCP-IST5-BL,Lutron HWI Int Seetouch 5 Button Faceplate - Black Plastic
LUT-FCP-IST5-MT,Lutron HWI Int Seetouch 5 Button Faceplate - Metal Finish
LUT-FCP-IST5-WH,Lutron HWI Int Seetouch 5 Button Faceplate - White plastic
LUT-FCP-IST6-MT,Lutron HWI Int Seetouch 6 Button Faceplate - Metal Finish
LUT-FCP-IST7-MT,Lutron HWI Int Seetouch 7 Button Faceplate - Metal Finish
LUT-FCP-IST7-WH,Lutron HWI Int Seetouch 7 Button Faceplate - White Plastic
LUT-FCP-IST8-MT,Lutron HWI Int Seetouch 8 Button Faceplate - Metal Finish
LUT-FCP-IST8-WH,Lutron HWI Int Seetouch 8 Button Faceplate - White plastic
LUT-GRX-LBX-WH,Lutron - Synthetic Minimum Load Module
LUT-HWQ-IST-BU,Lutron HWQS Int Seetouch Base Unit
LUT-HWQ-LIC-KPD,Lutron Software Licence - Keypad
LUT-HWQ-LIC-SHA,Lutron Software Licence - Shades
LUT-HWQ-LINK-TRN,Lutron Link Translator
LUT-HWQS-CON-BDG,Lutron HWQS Connect Bridge with PSU
LUT-HWQS-DRV-DIM,Lutron HWQS RF Driver - In-line Dimmer
LUT-HWQS-DRV-SWI,Lutron HWQS RF Driver - In-line Switch
LUT-HWQS-ENC-01,Lutron HWQS Low voltage Enclosure for one Processor
LUT-HWQS-ENC-02,Lutron HWQS Low voltage Enclosure for two Processors
LUT-HWQS-LCP-2RE,Lutron Double DIN Rail Expansion Unit - LCP-2RE
LUT-HWQS-PM-10V,Lutron HWQS 0-10V Din Rail Power Module
LUT-HWQS-PM-MOT,Lutron HWQS Motor Din Rail Power Module
LUT-HWQS-PM-PA1,Lutron HWQS Phase Adaptive 1A LED Din Rail Power Module
LUT-HWQS-PM-PA5M,Lutron HWQS Phase Adaptive 5A LED+ Din Rail Power Module
LUT-HWQS-PM-PSU,Lutron HWQS 24V PSU Din Rail Module with Harness
LUT-HWQS-PM-SW5,Lutron HWQS Switching 5A LED+ Din Rail Power Module
LUT-HWQS-PM-SWZ,Lutron HWQS Switching Zone Din Rail Power Module
LUT-HWQS-QSM,Lutron QSM Sensor Module
LUT-HWQS-RCBO-06,Lutron HWQS 6 Power Module Panel inc 6 RCBO & Termination
LUT-HWQS-RCBO-06B,Lutron HWQS 6 Power Module Panel Build
LUT-HWQS-RCBO-08,Lutron HWQS 8 Power Module Panel Inc 8 RCBO & Termination
LUT-HWQS-RCBO-08B,Lutron HWQS 8 Power Module Panel Build
LUT-HWQS-RCBO-10,Lutron HWQS 10 Power Module Panel Inc 10 RCBO & Termination
LUT-HWQS-RCBO-10B,Lutron HWQS 10 Power Module Panel Build
LUT-HWQS-RCBO-12,Lutron HWQS 12 Power Module Panel Inc 12 RCBO
LUT-HWQS-RCBO-12B,Lutron HWQS 12 Power Module Panel Build
LUT-HWQS-RCBO-14,Lutron HWQS 14 Power Module Panel Inc 14 RCBO & Termination
LUT-HWQS-RCBO-14B,Lutron HWQS 14 Power Module Panel Build
LUT-HWQS-RCBO-16,Lutron HWQS 16 Power Module Panel Inc 16 RCBO
LUT-HWQS-RCBO-16B,Lutron HWQS 16 Power Module Panel Build
LUT-HWQS-RCBO-18,Lutron HWQS 18 Power Module Panel Inc 18 RCBO
LUT-HWQS-RCBO-18B,Lutron HWQS 18 Power Module Panel Build
LUT-HWQS-WCI,Lutron QS wall box closure interface
LUT-HWQS-WLB,Lutron HWQS Wire Landing Board
LUT-HWQS-WLB-10,Future HWQS Wire Landing Board - 5 Way
LUT-HWQSX-PM-DAL,Lutron HWQSX Universal Dali Din Rail Power Module
LUT-HWQSX-PROC-P7,Lutron HW QSX Processor HQP7-2
LUT-HYB-SIG-REP,Lutron Hybrid Signal Repeater
LUT-PAL-2B-GL,Lutron HWQS Palladiom 2 Button Keypad - Glass Finish
LUT-PAL-2B-MT,Lutron HWQS Palladiom 2 Button Keypad - Metal Finish
LUT-PAL-2B-PL,Lutron HWQS Palladiom 2 Button Keypad - Plastic Finish
LUT-PAL-2B-QB,Lutron HWQS Palladiom 2 Button Keypad - Antique Brass
LUT-PAL-3B-GL,Lutron HWQS Palladiom 3 Button Keypad - Glass Finish
LUT-PAL-3B-MT,Lutron HWQS Palladiom 3 Button Keypad - Metal Finish
LUT-PAL-3B-PL,Lutron HWQS Palladiom 3 Button Keypad - Plastic Finish
LUT-PAL-3B-QB,Lutron HWQS Palladiom 3 Button Keypad - Antique Brass
LUT-PAL-3BRL-GL,Lutron HWQS Palladiom 3 Button R&L Keypad - Glass Finish
LUT-PAL-3BRL-MT,Lutron HWQS Palladiom 3 Button R&L Keypad - Metal Finish
LUT-PAL-3BRL-PL,Lutron HWQS Palladiom 3 Button R&L Keypad - Plastic Finish
LUT-PAL-3BRL-QB,Lutron HWQS Palladiom 3 Button R&L Keypad - Antique Brass
LUT-PAL-4B-GL,Lutron HWQS Palladiom 4 Button Keypad - Glass Finish
LUT-PAL-4B-MT,Lutron HWQS Palladiom 4 Button Keypad - Metal Finish
LUT-PAL-4B-PL,Lutron HWQS Palladiom 4 Button Keypad - Plastic Finish
LUT-PAL-4B-QB,Lutron HWQS Palladiom 4 Button Keypad - Antique Brass
LUT-PAL-6BRL-GL,Lutron HWQS Palladiom 6 Button 2 R&L Keypad - Glass Finish
LUT-PAL-6BRL-MT,Lutron HWQS Palladiom 6 Button 2 R&L Keypad - Metal Finish
LUT-PAL-6BRL-PL,Lutron HWQS Palladiom 6 Button 2 R&L Keypad - Plastic Finish
LUT-PAL-6BRL-QB,Lutron HWQS Palladiom 6 Button 2 R&L Keypad - Antique Brass
LUT-PAL-7BRL-GL,Lutron HWQS Palladiom 7 Button R&L Keypad - Glass Finish
LUT-PAL-7BRL-MT,Lutron HWQS Palladiom 7 Button R&L Keypad - Metal Finish
LUT-PAL-7BRL-PL,Lutron HWQS Palladiom 7 Button R&L Keypad - Plastic Finish
LUT-PAL-7BRL-QB,Lutron HWQS Palladiom 7 Button R&L Keypad - Antique Brass
LUT-PAL-8B-GL,Lutron HWQS Palladiom 8 Button Keypad - Glass Finish
LUT-PAL-8B-MT,Lutron HWQS Palladiom 8 Button Keypad - Metal Finish
LUT-PAL-8B-PL,Lutron HWQS Palladiom 8 Button Keypad - Plastic Finish
LUT-PAL-8B-QB,Lutron HWQS Palladiom 8 Button Keypad - Antique Brass
LUT-QSE-DMX-CI,Lutron QS DMX Control Interface
LUT-QSE-I0-05,Lutron QS IO Control Interface
LUT-QSE-INT-WH,Lutron QS Ethernet/RS232 Control Interface
LUT-SIV-PN-10,Lutron QS Sivoia Smart Panel PSU 10 Blinds
LUT-SIV-PN-EMP,Empty Lutron QS Sivoia Smart Blind Panel
LUT-SIV-QS-PS5,*Lutron 5 Way Blind PSU for QSPS-10PNL
LUT-SIV-QS-PSU,Lutron 35v QS Link Plug-In PSU for QS Blinds
LUX-POR-10.5-SLE,"^LuxePort - iPad 10.2/10.5"" Sleeve (Specify Colour)"
LUX-POR-BAS-WH,^LuxePort Base Station - White
LUX-POR-IPD-SLE,"^LuxePort - iPad 9.7"" Sleeve (Specify Colour)"
LUX-POR-IPM-4SLE,^LuxePort - iPad Mini 4/5 Sleeve - Black
LYN-SDA-24-00,"Lyngdorf SDA 2400, signal sensing,12v trigger,2 x 400W"
MAR-AVR-SR5-015,*Marantz SR5015 7.2ch 8K AV Receiver - Black
MBOX-DD-MKE-AB,MK Double Data Socket - Premium Metal Finish
MBOX-DD-MKE-WM,MK Double Data Socket - White Metal
MBOX-DD-MKE-WP,MK Double Data Socket - White Plastic
MBOX-HDTV-MKE-AB,MK Dual Cat6a Video Socket - Premium Metal Finish
MBOX-HDTV-MKE-WM,MK Dual Cat6a Video Socket - White Metal
MBOX-HDTV-MKE-WP,MK Dual Cat6a Video Socket - White Plastic
MBOX-LL-MKE-AB,MK Single Line Level Socket - Premium Metal Finish
MBOX-LL-MKE-WM,MK Single Line Level Socket - White Metal
MBOX-LL-MKE-WP,MK Single Line Level Socket - White Plastic
MBOX-M11-MKE-WHI,M11 MK Edge Blind Control Socket - White Metal
MBOX-MSS-MKE-AB,MK Multi Speaker Socket - Premium Metal Finish
MBOX-MSS-MKE-WM,MK Multi Speaker Socket - White Metal
MBOX-MSS-MKE-WP,MK Multi Speaker Socket - White Plastic
MBOX-RMS-MKE-AB,MK Room Media Socket - Premium Metal Finish
MBOX-RMS-MKE-WM,MK Room Media Socket - White Metal
MBOX-RMS-MKE-WP,MK Room Media Socket - White Plastic
MBOX-SD-MKE-AB,MK Single Data Socket - Premium Metal Finish
MBOX-SD-MKE-WM,MK Single Data Socket - White Metal
MBOX-SD-MKE-WP,MK Single Data Socket - White Plastic
MBOX-SP-MKE-AB,MK Single Speaker Socket - Premium Metal Finish
MBOX-SP-MKE-WM,MK Single Speaker Socket - White Metal
MBOX-SP-MKE-WP,MK Single Speaker Socket - White Plastic
MID-ASR-30-BL,Mid Atlantic ASR Rotating Slide out shelving - Black
MID-AXS-20-BL,"Mid Atl AXS 20 Space Rack (inc. top, bot, carriers) - Black"
MID-AXS-43-BL,"Mid Atl AXS 43 Space Rack (inc. top, bot, carriers) - Black"
MID-AXS-SS1-BL,"Mid Atl Service Stand for AXS System (3""-10"") - Black"
MID-AXS-SS2-BL,"Mid Atl Service Stand for AXS System (10""-22"") - Black"
MID-AXS-SS3-BL,"Mid Atl Service Stand for AXS System (16""-40"") - Black"
MID-AXS-ST1-BL,"Mid Atl 25"" Service Tracks for AXS System - Black"
MID-AXS-ST2-BL,"Mid Atl 50"" Service Tracks for AXS System - Black"
MID-AXS-ST3-BL,"Mid Atl 31"" Service Tracks for AXS System - Black [pair]"
MID-DWR-35-26,Mid Atl 35U Hinged Wall Cabinet (DWR)
MID-DWR-CVR,Mid Atl Top Cover Plate for DWR Cabinet
MID-FAN-138-DC,Mid Atl - 2 x DC Rack Fan - FAN-138-K-EU
MID-FAN-69-DC,Mid Atl - DC Rack Fan - FAN-69-K-EU
MID-FAN-CAB-01,^Mid Atlantic Single Fan Cabinet Cooler
MID-FAN-CAB-50,Mid Atl Cabinet Air Extraction System (50 CFM)
MID-FAN-KIT-BL,Mid Atlantic IComp-Cool Equipment Single Fan - Black
MID-FAN-KIT3-BL,Mid Atlantic IComp-Cool Equipment Triple Fan - Black
MID-FAN-TOP-RK,Mid Atl Double Fan for Top of Rack
MID-HPL-1U-BL,Mid Atl Handle Panel 1U - Black
MID-LAC-BA-2RL,Mid Atl Horizontal 2'  L-Shape Lacing Bar - BL (Pack of 10)
MID-LAC-BA-4RL,Mid Atlantic 4' Lacing Bar (Pack Of 10)
MID-LAC-BA-RL,Mid Atl Horizontal Lacing Bar - Black (Pack of 10)
MID-LAC-TEL-BR,Mid Atl Telescopic Lacing Bar (Pack Of 2)
MID-LAC-VER-45,Mid Atl 45U Vertical Lacing Strips (6pk)
MID-MRK-24-RK,"Mid Atl 24U 31"" Deep MRK Gangable Rack"
MID-MRK-44-RK,"Mid Atl 44U 31"" Deep MRK Gangable Rack"
MID-MRK-CB-31,"Mid Atl Caster Base for MRK 31"" Rack - Fine Floor"
MID-MRK-CB-31S,"Mid Atl Caster Base for MRK 31"" Rack - Standard"
MID-MRK-FD-24,Mid Atl Plexi Glass Front Door for MRK 24U
MID-MRK-FD-44,Mid Atl Plexi Glass Front Door for MRK 44U
MID-PBS-1U-BL,Mid Atl Brush Strip Panel 1U - Black
MID-PBS-2U-BL,Mid Atl Brush Strip Panel 2U - Black
MID-POR-14-BL,Mid Atl PTRK Portable Rack 14U - Black
MID-POR-21-BL,Mid Atl PTRK Portable Rack 21U - Black
MID-PPL-1U-BL,Mid Atl Plain Panel 1U - Black
MID-PPL-2U-BL,Mid Atl Plain Panel 2U - Black
MID-PPL-3U-BL,Mid Atl Plain Panel 3U - Black
MID-PPL-4U-BL,Mid Atl Plain Panel 4U - Black
MID-PPM-6U-BL,Mid Atl Pivoting Panel Mount - Black
MID-RCS-18-BL,Mid Atl 18U Essex RCS Standalone Rack - Black
MID-RCS-27-BL,Mid Atl 27U Essex RCS Standalone Rack - Black
MID-RCS-42-BL,Mid Atl 42U Essex RCS Standalone Rack - Black
MID-RRR-2U-BL,Mid Atl Rackrail Recessor 2U
MID-SCR-RC-BL,Mid Atl Rack Screws - Black (500pk)
MID-SCR-RC-PK,Mid Atl Rack Screws - Black (100pk)
MID-SCR-RC-SH,Mid Atl Short Rack Screws - Black (500pk)
MID-SCR-RC-SH1,Mid Atl Short Rack Screws - Black (100pk)
MID-SHF-1U-VT,Mid Atl Vented Rackshelf 1U - Black
MID-SHF-2U-VT,Mid Atl Vented Rackshelf 2U - Black
MID-SHF-3U-VT,Mid Atl Vented Rackshelf 3U - Black
MID-SHF-4U-VT,Mid Atl Vented Rackshelf 4U - Black
MID-SHF-5A-BL,Mid Atl Rackshelf 0U - Black
MID-SID-PNL-21,Mid Atl Side Panels 21U (Pair)
MID-SID-PNL-24,Mid Atl Side Panels 24U (Pair)
MID-SID-PNL-42,Mid Atl Side Panels 42U (Pair)
MID-SID-PNL-44,Mid Atl Side Panels 44U (Pair)
MID-SL5-14-BL,Middle Atlantic Slim 5 Rack - 14u
MID-SL5-21-BL,Middle Atlantic Slim 5 Rack - 21u
MID-SL5-43-BL,Middle Atlantic Slim 5 Rack - 43u
MID-SL5-CA-BS,Mid Atl Castor Base for Slim 5 Rack
MID-SL5-WL-LK,Middle Atlantic Slim-5 locking casters
MID-SRS-14-BL,Mid Atl 14U Sliding Rail System - Black
MID-SRS-24-BL,Mid Atl 24U Sliding Rail System - Black
MID-SRS-4-30,Mid Atl 30U Sliding Rail System (250lbs) - Black
MID-SRS-42-BL,Mid Atl 20U Sliding Rail System (250lbs) - Black
MID-SRS-R-SH,Mid Atl SH Shelf for SRSR Rack - Black
MID-THM-FAN-CON,Mid Atl Thermostatic Fan Controller - DC
MID-TRM-STP-BL,Mid Atl Trim Strips - Black (Anodised)
MID-TRM-STP-NA,Mid Atl Trim Strips - Black (Non-Anodised)
MID-VPL-1U-BL,Mid Atl Vent Panel 1U - Black
MID-VPL-1U-BL2,Mid Atl Vent Panel 1U Slotted Economy - Black
MID-VPL-2U-BL,Mid Atl Vent Panel 2U - Black
MID-VTP-3U-BL,Mid Atl Vent Panel 3U - Black
MID-WR-FD-44,Mid Atl Plexi Glass Front Door for 44U WR Rack
MID-WR-MW-4FT,"Mid Atl MW-4FT 1/2"" Fan top for WR Rack"
MID-WR-RAP-44,Mid Atl Rear Access Panel for 44U WR Rack
MID-WR-RR-44,Mid Atl Rack WR-RR-44 Rear Rail Kit  for WR Rack
MID-WR-SH-BL,Mid Atl SH-WR Rack Shelf Zero Space for WR Rack - Black
MID-WR-VB-K32,Mid Atl Vent Blocker Kit for 35U WR Rack
MID-WR-VB-KIT,Mid Atl Vent Blocker Kit for 44U WR Rack
MID-WR4-432-44,"Mid Atl 44U 32"" Deep WR Rack"
MIS-000-00-00,Misc Product/Service Requirement
MIS-000-00-01,Misc Product/Service Requirement - Zero Tax
MKL-ARC-PB-WH,MK Logic Plus Architrave Patress Box - White
MKL-ARC-SW-WH,MK Logic Plus Architrave Switch - White
MKL-ARC-SW2-WH,MK Logic Plus Architrave Switch 2 way - White
MKL-BEL-AR-WH,MK Logic Plus 1G Push Bell Standard Faceplate - White
MKL-BNK-1G-WH,MK Logic Plus 1G Blank Plastic Faceplate - White
MKL-BNK-2G-WH,MK Logic Plus  2G Blank Plastic Faceplate - White
MKL-BTM-1G-WH,^MK Logic Plus BT Master Frontplate - White
MKL-BTM-1M-BL,MK Logic Euro BT Master Module - Black
MKL-BTM-1M-WH,MK Logic Euro BT Master Module - White
MKL-BTS-1E-BL,MK Logic Euro BT Secondary Module - Black
MKL-BTS-1E-WH,MK Logic Euro BT Secondary Module - White
MKL-DTW-BB-ALM,MK Logic Plus 1g Back Box - Metalclad
MKL-DTW-BB-ALM2,MK Logic Plus 2g Back Box - Metalclad
MKL-DTW-BB-WH1,MK Logic Plus 1g Back Box - White
MKL-DTW-BB-WH2,MK Logic Plus 2g Back Box - White
MKL-E1G-01-ALM,MK Logic Euro 1G 1M Faceplate - Metalclad
MKL-E1G-01-WH,MK Logic Euro 1G 1M Faceplate - White
MKL-E1G-02-ALM,MK Logic Euro 1G 2M Faceplate - Metalclad
MKL-E1G-02-WH,MK Logic Euro 1G 2M Faceplate - White
MKL-E2G-04-AB,MK Logic Edge 2G 4M Faceplate - Premium Metal Finish
MKL-E2G-04-ALM,MK Logic Edge 2G 4M Faceplate - Metalclad
MKL-E2G-04-WH,MK Logic Euro 2G 4M Faceplate - White Plastic
MKL-E2G-04-WM,MK Logic Edge 2G 4M Faceplate - White Metal
MKL-EBP-01-AB,MK Logic Edge 1G Blank Faceplate - Premium Metal Finish
MKL-EBP-01-WM,MK Logic Edge 1G Blank Faceplate - White Metal
MKL-EBP-02-AB,MK Logic Edge 2G Blank Faceplate - Premium Metal Finish
MKL-EBP-02-WM,MK Logic Edge 2G Blank Faceplate - White Metal
MKL-EMP-01-AB,MK Logic Edge 1G 1M Faceplate - Premium Metal Finish
MKL-EMP-01-WM,MK Logic Edge 1G 1M Faceplate - White Metal
MKL-EMP-02-AB,MK Logic Edge 1G 2M Faceplate - Premium Metal Finish
MKL-EMP-02-WM,MK Logic Edge 1G 2M Faceplate - White Metal
MKL-ETV-01-BL,MK Logic Euro Triplex TV Module - Black
MKL-ETV-01-WH,MK Logic Euro Triplex TV Module - White
MKL-ETV-02-BL,MK Logic Euro Quad TV Module - Black
MKL-ETV-02-WH,MK Logic Euro Quad TV Module - White
MKL-FEU-1M-MO,MK Logic Euro F-Type 1 Module - White
MKL-FEU-1M-MO1,^MK Logic Euro F-Type 1 Module - Black
MKL-HBM-05-WH,MK Logic Edge Half Blank Module - White
MKL-J45-1G-GY,MK IP56 Waterproof Euro Enclosure - Grey
MKL-J45-1G-WH,MK IP56 Waterproof Euro Enclosure - White
MKL-J45-1M-BL,MK Logic Edge RJ45 Sheilded Module - Black
MKL-J45-1U-BL,MK Logic Edge RJ45 Euro Module - Black
MKL-J45-CAT6-BL,*MK Logic Edge RJ45 Cat6 Module - Black
MKL-J45-CAT6-WH,*MK Logic Edge RJ45 Cat6 Module - White
MKL-J45-CAT6S-BL,*MK Logic Edge RJ45 Cat6 Shielded Module - Black
MKL-J45-CAT6S-WH,*MK Logic Edge RJ45 Cat6 Shielded Module - White
MKL-J45-FAS-CIA,MK Logic Edge Fascia for Cat6/Cat6a Insert - White
MKL-LDM-DA-WH,MK LJU6C RJ45 Module - White
MKL-PBM-02-WH,MK Logic Plus 2M Blank Module - White
MKL-PBM-EU-BL,*MK Logic 1M Euro Blank Module - Black
MKL-PBM-EU-WH,MK Logic 1M Euro Blank Module - White
NAK-ECHT-IW-SPK,Nakymatone ECHT In-Wall Invisible Speaker
NAK-GOED-IW-SPK,Nakymatone GOED In-Wall Invisible Speaker
NAK-MOOI-IW-SPK,Nakymatone MOOI In-Wall Invisible Speaker
NAK-TWEE-IW-SPK,Nakymatone TWEE In-Wall Invisible Speaker
PAK-P2E-PDU,Pakedge 2-Outlet Intelligent Power Distribution Unit
PAN-KXA-406-DR,^Panasonic KX-A406UK Dect Repeater
PAN-KXN-343-BL,^Panasonic KX-NT 343 3 line IP Phone - Black
PAR-ZAM-00-BL,Parasound Zamp Amplifier - Black
PEN-VER-RR-45,Penn Elcom 45U Vertical Rack Rail for Patch Bay (Single)
PHI-PRO-PROF-BAT,Phillips Pronto 9600 Battery Pack
PHI-PRO-PROF-BAT1,Phillips Pronto 9400 Battery Pack
PHI-SPL-02-SI,Vision Splitter 5-2400MHz - 2 Way
PHI-SPL-03-SI,Vision Splitter 5-2300MHz - 3 Way
PHI-SPL-04-SI,Vision Splitter 5-2300MHz - 4 Way
PHI-SPL-08-SI,Vision Splitter 5-2400MHz - 8 Way
PUR-RM-APP-LE,^Pure Theatre Rackshelf - 1 x Apple TV (4th Gen) - 1U
RAR-PDU-16-13A,Raritan Mains Converter Lead 13A to 16A
RHI-TAP-NY-09,Rhino Tape - Vinyl 9mm Flexible - White
RHI-TAP-NY-09B,Rhino Tape - Vinyl 9mm Flexible - Black
RHI-TAP-NY-12,Rhino Tape - Vinyl 12mm Flexible - White
RHI-TAP-NY-12B,Rhino Tape - Vinyl 12mm Flexible - Black
RHI-TAP-NY-19,Rhino Tape - Vinyl 19mm Flexible White
RIV-AP-EV35-UL,Rivi EV35 Outdoor AP - Unleashed
RIV-AP-R35-UL,Rivi RV35 AP - Unleashed
RIV-AP-R55-UL,Rivi RV55 AP - Unleashed
RIV-AP-R65-UL,Rivi RV65 AP - Unleashed
RUC-AP-7372-PSU,Ruckus PSU for R350
RUC-AP-PS-48V,"Ruckus PSU for R750, R730, R720, R650 (48v)"
RUC-AP-R350-UL,Ruckus R350 AP - Unleashed
RUC-AP-R370-UL,Ruckus R370 AP - Unleashed
RUC-AP-R550-PS,Ruckus PSU for R550
RUC-AP-R550-UL,Ruckus R550 AP - Unleashed
RUC-AP-R650-UL,Ruckus R650 AP - Unleashed
RUC-AP-R670-UL,Ruckus R670 AP - Unleashed
RUC-AP-R750-UL,Ruckus R750 AP - Unleashed
RUC-AP-R770-UL,Ruckus R770 AP - Unleashed
RUC-AP-T350C-UL,Ruckus T350c AP - Unleashed
RUC-AP-T670-UL,Ruckus T670 AP - Unleashed
SAV-IR-KIT,^Savant IR Lead Kit
SAV-SERIAL-KIT,^Savant Serial Adaptor Kit
SEC-ELITE-L,"SMC Elite alarm monitoring, maintenance & keyholding"
SEC-ELITE-S,"SMC Elite alarm monitoring, maintenance & keyholding - Std'"
SEC-G3-PAN-051-0315,*Scantronic smart PSU with 7 zones and 2 outputs
SEC-RAP-BK-SS,G3 External Dummy Stainless Steel Bracket
SEC-SAF-LIM-WH,^Security - Safe Limpet   E16 A
SEC0-ABL-EL560,Abloy EL560 Solenoid Lock 12/24V DC - 65mm Backset
SEC0-AXIS-DOM-EX2,AXIS P3265-LVE External 2 MP Dome With IR &  Deep Learning
SEC0-AXIS-DOM-EX3,AXIS M3215-LVE External 2MP Dome Camera with Deep Learning
SEC0-AXIS-DOM-EXT,AXIS P3268-LVE External 8 MP Dome With IR &  Deep Learning
SEC0-AXIS-DOM-IN2,AXIS P3265-LV 2 MP Dome With IR &  Deep Learning
SEC0-AXIS-DOM-IND,AXIS P3268-LV 8 MP Dome With IR & Deep Learning
SEC0-AXIS-DOM-RM2,AXIS TP3201-E Recess Mount for Discreet Cameras
SEC0-AXIS-DOM-RM3,AXIS TM3201 Recess Mount for M30 Cameras
SEC0-AXIS-DOM-UC2,AXIS M3085-V Ultra Compact Dome 2MP Mini Dome
SEC0-AXIS-PTZ-M55,"^AXIS M5525-E External PTZ Network Camera, 10x Zoom"
SEC0-AXIS-SEN-SOR,"AXIS F1025 Sensor Unit 12M, Pinhole Lens with 1080P Resolution"
SEC0-BAT-AA-16V,Energizer Lithium 1.6v AA Battery for Radio Devices (Single)
SEC0-BAT-CR12-3A,Yuasa Lithium CR123a Battery for Radio Devices  (Single)
SEC0-BAT-CR2-01,Yuasa Lithium CR2 Battery for Radio Devices (Single)
SEC0-BAT-CR2-450,Pyronix CR2450 Battery for Radio Devices (Pack of 5)
SEC0-BAT-SPA-DE,"Battery Male Spade Connector, PCB Tab (100pk)"
SEC0-BGU-01-WH,Break Glass Unit - Green
SEC0-BGU-03-GN,"Break Glass Unit, Triple Pole w/ Cover - Green"
SEC0-BGU-KY-BL,Break Glass Unit Key - Black
SEC0-CAM-PSU-08,Elmdene 12v 8x 1A Fused Outputs - White
SEC0-CC-INT-COV,^Axis P1214 Internal IP Covert Recessed Camera
SEC0-CC-INT-DOM-REC,^Axis M3014 Internal Recessed IP Dome Camera
SEC0-HDD-WDP-2TB,WD Purple 2TB Surveillance Hard Disk Drive
SEC0-HDD-WDP-3TB,WD Purple 3TB Surveillance Hard Disk Drive
SEC0-HDD-WDP-4TB,WD Purple 4TB Surveillance Hard Disk Drive
SEC0-HDD-WDP-6TB,WD Purple 6TB Surveillance Hard Disk Drive
SEC0-HID-RDR-20,^HID Signo 20 Reader - Mullion - 13.56MHz & 125kHz - Terminal
SEC0-HID-RDR-40,^HID Signo 40 Reader - Wall Mount - 13.56MHz & 125kHz - Terminal
SEC0-HID-SIG-20,HID Signo 20 Reader - No Keypad
SEC0-HID-SIG-20K,HID Signo 20 Reader with Keypad
SEC0-HID-SIG-40,HID Signo 40 Reader - No Keypad
SEC0-HID-SIG-40K,HID Signo 40 Reader with Keypad
SEC0-HNW-BUL-EXT-4K,Hanwha External Vandal Bullet with IR 4K - XNO
SEC0-HNW-BUL-EXT-4K1,Hanwha External Vandal Bullet with IR 4K - PNO
SEC0-HNW-DOM-EXT-4K,Hanwha External Vandal Dome with IR 4K - PNV
SEC0-HNW-DOM-EXT-4K1,Hanwha External Vandal Dome with IR 4K - XNV
SEC0-HNW-NVR-08-4K,Hanwha 8 Channel 4K HDMI & VGA NVR w/ POE Switch
SEC0-HNW-NVR-64-4K,Hanwha 64CH 4K NVR - High Throughput 400MB
SEC0-HNW-PTZ-DOM-EXT,^Hanwha External 5MP PTZ VR Network Dome - XNV
SEC0-PAX-KEY-FOB,Paxton Key Fob (pack of 10)
SEC0-PAX-KEY-KP50,Paxton Net2 Surface & Integrated Proximity Reader 100mm H 50
SEC0-PAX-KEY-KP75,Paxton Net2 Surface & Integrated Proximity Reader 143mm H 75
SEC0-PAX-KEY-SS50,Paxton Net2 Surface SS Keypad 100mm H 50mm W
SEC0-PAX-KEY-SSVR,Paxton Net2 Surface SS Keypad 143mm H 90mm W
SEC0-PAX-NET-2P,Paxton Net 2 Plus 1Dr ACU + 2A PSU - Plastic Box
SEC0-PAX-NET2-PRO,Paxton Net2 Professional Software
SEC0-PAX-PRX-RD,Paxton P50 Proximity Reader
SEC0-PAX-RDR-PAN,Paxton Net2 Mount Reader For Int into Video ent pan 58mm H 5
SEC0-PAX-RDR-USB,Paxton Net2 Desktop Reader For Prox Fob Enrollment
SEC0-PAX-RDR-VR,Paxton Net2 Small Proximity Vandal Proof Reader - White
SEC0-PTE-DR-SS,Push to Exit Button - Stainless Steel
SEC0-PTE-DR-SSS,Surface Push to Exit Button - Stainless Steel (Weatherproof)
SEC0-PTE-DR-WH,Push to Exit Button - White
SEC0-RF-HIGH-VID,Videx High Gain Aerial for GSM/Secure Comms
SEC0-RLY-VHLR,Very Handy Little Relay 6v-28v 8amp
SEC0-SAM-BUL-EXT-4K,^Hanwha External Bullet with Integrated Base 4K Varifocal
SEC0-SAM-CAM-BUL-IR1,Hanwha 2MP Bullet Camera with IR - External Grey
SEC0-SAM-CAM-DOM-IR1,Hanwha 2MP External Dome with IR - Cream
SEC0-SAM-CAM-DOM-IR5,Hanwha 5MP External Dome with IR - Cream
SEC0-SAM-NVR-32-4K,^Hanwha 32CH 4K HDMI&VGA NVR w/ RAID5
SEC0-SOU-BMB-01,^SoundBomb 1 Internal Sounder - 2 gang
SEC0-SOU-BMB-02,CQR Piezo Buzzer/Sounder - Single gang
SEC0-SPI-SUP-12V,ACT 12v dc Spike Suppressor
SEC0-SPI-SUP-240V,ACT 240v AC Spike Suppressor
SEC0-SPI-SUP-RFI,^ACT 12v PIR Stabiliser
SEC0-VAR-LED-W4,^Vario LED Light W4 Small infra Red Light 940mm Unit 12/24v
SEC0-VID-BAL-UN,Genie Single Port 4K Passive AHD Video UTP Balun Kit
SEC1-CON-FL-BR,^G1 Flush Contact 20mm - Brown
SEC1-CON-FL-WH,G1 Flush Contact 20mm - White
SEC1-CON-SF-BR,^G1 Small Surface Contact 20mm - Brown
SEC2-CON-FL-BR,^G2 Flush Contact - Brown
SEC2-CON-FL-WH,G2 Flush Contact - White
SEC2-CON-SF-AL,^G2 Surface Contact - Aluminium Pre-wired
SEC2-PIR-WAL1-WH,^G2 Texecom Wall mount DT/PIR - White
SEC2-RF-CON-BR,G2 Micro Contact-W W/LESS Miniature Door Contact - Brown
SEC2-RF-CON-GR,G2 Micro Contact-W W/LESS Miniature Door Contact - Grey
SEC2-RF-CON-TEX,^G2 Contact Wireless Ricochet Impaq Contact-W
SEC2-RF-CON-WH,G2 Micro Contact-W W/LESS Miniature Door Contact - White
SEC2-RF-DT-TEX,Dualtech Wireless Premier Elite DT-W
SEC2-RF-EXP32-TEX,Expander Wireless Ricochet Premier 32XP-W
SEC2-RF-EXPS-TEX,Expander Wireless Ricochet Premier 8XP-W
SEC2-RF-IAK-TEX,G2 Premier Elite Wireless Keypad LCDLP-W
SEC2-RF-PA-TEX,G2 Panic Alarm Wireless Double Push Button
SEC2-RF-PIR-TEX,PIR Wireless Ricochet Prestige Q20-W Detector
SEC2-RF-SMK-TEX,G2 Wireless Smoke/Heat Detector - Ricochet Enabled Wireless Smoke Detector
SEC2-RF-SMKEY-TEX,Fob Wireless Ricochet Premier Smartkey
SEC2-RF-TEX-C02,^G2 Texecom CO-W Wireless Carbon Monoxide Detector
SEC2-RF-VIP-BL,G2 Shock Wireless Ricochet PremElite IMPAQ SC-W - Black
SEC2-RF-VIP-GR,G2 Shock Wireless Ricochet PremElite IMPAQ SC-W - Grey
SEC2-RF-VIP-TEX,G2 Shock Wireless Ricochet PremElite IMPAQ SC-W - White
SEC2-RF-VIPM-BR,G2 Shock W/LESS PremElite MicroShock-W - Brown
SEC2-RF-VIPM-GR,G2 Shock W/LESS PremElite MicroShock-W - Grey
SEC2-RF-VIPM-WH,G2 Shock W/LESS PremElite MicroShock-W - White
SEC2-SMA-COM-4G,G3 Texecom Connect SmartCom 4G
SEC2-SMA-COM-TEX,G2 Texecom Connect SmartCom
SEC2-VIP-TEX-WH,^G2 Texecom Vibration Sensor - White
SEC3-65-HT-DET,G3 64 Degree Fixed Heat Detector
SEC3-90-HT-DET,G3 90 Degree Fixed Heat Detector
SEC3-BAT-12V-10A,G3 12v 10A Battery
SEC3-BAT-12V-17A,G3 12v 17A Battery
SEC3-BAT-12V-7A,G3 12v 7A Battery
SEC3-BGS-DT-WH,G2 Glass Break Detector - White
SEC3-COM-DIG-TEX,^Texecom Comm 2400 Digital Communicator
SEC3-COM-IP-TEX,G3 Texecom Premier ComIP Module
SEC3-COM-PC-LEA,G3 Texecom PC-COM RS232 Lead
SEC3-COM-USB-TEX,G3 Texecom USB-COM Comms Lead
SEC3-CON-FL-PBR,"^G3 Flush ""Pencil"" Contact - Brown"
SEC3-CON-FL-PEN,"^G3 Flush ""Pencil"" Contact - White"
SEC3-CON-FL-WH,G3 Flush Contact - White
SEC3-CON-RS-SI,G3 Large Roller Shutter Contact - Silver
SEC3-CON-SF-LG,G3 Large Surface Contact - White
SEC3-CON-SF-LGB,G3 Large Surface Contact - Brown
SEC3-CON-SF-MD,G3 Medium Surface Contact - White
SEC3-CON-SF-MDB,^G3 Medium Surface Contact - Brown
SEC3-DUM-BEL-SS,G3 External Bell Dummy - Stainless Steel
SEC3-EXP-8Z-TEX,G3 Texecom Boxed Expander - 8 Zone - 8XP
SEC3-IAK-PRX-LCD,G3 Pyronix Intruder Alarm Keypad - White
SEC3-IAK-TEX-FMK-BB,G3 Texecom Flush Back Box for FMK
SEC3-IAK-TEX-FMK-BR,G3 Texecom Keypad LCD Premier LCDLP FMK Brass
SEC3-IAK-TEX-FMK-DB,G3 Texecom Keypad LCD Premier LCDLP FMK Diamond BLK
SEC3-IAK-TEX-FMK-DW,G3 Texecom Keypad LCD Premier LCDLP FMK Diamond White
SEC3-IAK-TEX-FMK-GM,G3 Texecom Keypad LCD Premier LCDLP FMK Gunmetal
SEC3-IAK-TEX-FMK-PC,G3 Texecom Keypad LCD Premier LCDLP FMK Pol Chrome
SEC3-IAK-TEX-FMK-SC,G3 Texecom Keypad LCD Premier LCDLP FMK Satin Chrome
SEC3-IAK-TEX-WH,G3 Texecom Prem Elite Alarm Keypad - White LCDLP
SEC3-JBX-10-WH,G3 10 way Junction box - White
SEC3-MOD-ARM,^G3 Modem plug on unit
SEC3-MSX-280-CD,^G3 Zone Expansion Card
SEC3-OUT-MOD,^G3 LED Output Module
SEC3-PAN-168-TEX,G3 Texecom Alarm Panel - 168 zones
SEC3-PAN-24-TEX,^G3 Texecom Alarm Panel with Keypad - 24 zones
SEC3-PAN-48-TEX,G3 Texecom Alarm Panel - 48 zones
SEC3-PAN-640-TEX,G3 Texecom Alarm Panel - 640 zones
SEC3-PAN-88-TEX,G3 Texecom Alarm Panel - 88 zones
SEC3-PAN-8Z-TEX,G3 Texecom Alarm Panel - 8 zones (Panel Only)
SEC3-PAN-IC-SS,G3 Double Push Panic Button - Stainless Steel
SEC3-PAN-IC-WH,G3 Double Push Panic Button - White
SEC3-PAN-IW-SS,G3 In Wall Panic Button with LED - Stainless Steel
SEC3-PAN-IW-WH,^G3 In Wall Panic Button with LED - White
SEC3-PAN-IW-WP,G3 In Wall Panic Button with LED - White Primed
SEC3-PIR-360-TEX,G3 360deg Ceiling mount PIR - White (Texecom CA Capture)
SEC3-PIR-WAL-TEX,G3 Wall mount PIR - White (Texecom A20 Capture)
SEC3-PIR-WAL-WH,*G3 Wall mount PIR - White (Discontinued Texecom AMDT+)
SEC3-PIR-WAL1-WH,^G3 Two in one Wall mount PIR - White
SEC3-PIR-WAL2-WH,G3 Two in one Wall mount Large PIR - White
SEC3-PIR-WAL3-WH,G3 Wall Mount PIR - NOT FOR SALES ORDERS
SEC3-PRX-RE-AD,G3 Internal Proximity Tag Reader
SEC3-PRX-TAG-TEX,G3 Texecom Proximity Tag (Single)
SEC3-PRX-TAGS,G3 Pyronix/Castle Internal Proximity Keyfob Tag (5pk)
SEC3-PSU-ELM-SA,^G3 Elmdene 1A Power Supply Stand Alone - White
SEC3-PSU-EXP-TEX,G3 Texecom Power Supply with Expander
SEC3-PSU-REP-TRA,G3 Texecom Replacement Transformer for PSU200XP / Panels
SEC3-PSU-ZEM-WH,G3 Castle Control Panel Power Supply with Expander
SEC3-RISE-HT-DET,G3 Rate of Rise Heat Detector
SEC3-SAB-EXT-CV,G3 External Bell Unit Cover - Stainless Steel
SEC3-SAB-EXT-SS,G3 External Bell Unit with Cover - Stainless Steel
SEC3-SAB-INT-600,G2 Internal Bell Sounder INT600S - White
SEC3-SAF-LIMP-E20,^Elmdene Safe Limpet E20
SEC3-SMK-HT-DET,G3 Smoke & Heat Detector - Texecom Exodus OH/4W
SEC3-SOU-INT-WH,G3 Round Internal Sounder - White
SEC3-TEX-OP8-MOD,G3 Texecom 8 Way Clean Relay Output Board
SEC3-VIP-GL-WH,*G3 Vibration Sensor (Honeywell) - White
SEC3-VIP-KP-WH,*G3 Vibration Sensor (Knights) - White
SEC3-VIP-SG-WH,*G3 Vibration Sensor (Risco) - White
SEC3-VIP-TEX-WH,G3 Vibration Sensor (Texecom) - White
SECTXU24DEVICE,24 Texecom Premier Elite - Grade 2
SIE-COM-06-00,^Siedle DCA612
SKY-HD-DIG-BL,Sky HD Digital Satellite Receiver - Black
SMC-ACT-IBT-00,ACT Gold IBT Battery Tester
SMC-ADI-ST-00,SMC Administration and Carriage
SMC-CAR-00-00,SMC Goods Received Carriage
SMC-CAV-EA-T,Parking/travel/accomm/subsistance to be charged at cost
SMC-COM-01-00,SMC External Sales Commision 1
SMC-COM-02-00,SMC External Sales Commision 2
SMC-CON-58-100,SMC Consultancy
SMC-DES-43-75,SMC Labour - Design
SMC-DES-RV-OO,SMC Labour - Design Revision
SMC-INT-SER,SMC Internet Service - Admin and Site Attendance
SMC-LAB-34-00,SMC Labour - General Engineering
SMC-LAB-BL-CO,SMC Labour - Blinds Commissioning
SMC-LAB-BL-IN,SMC Labour - Blinds Installation
SMC-LAB-CA-TE,SMC Labour - Cable Testing - per cable
SMC-LAB-CC-CO,SMC Labour - CCTV Commissioning
SMC-LAB-CC-IN,SMC Labour - CCTV Installation
SMC-LAB-CU-TR,SMC Client training & system customisation - FOC
SMC-LAB-DI-TI,SMC Labour - Directors Time
SMC-LAB-DT-CO,SMC Labour - Data Commissioning (Onsite)
SMC-LAB-DT-DS,SMC Labour - WIFI Design
SMC-LAB-DT-ND,SMC Labour - Network Documentation
SMC-LAB-DT-NS,SMC Labour - Network Survey
SMC-LAB-DT-PC,SMC Labour - Data Pre-Config (Offsite)
SMC-LAB-EN-AC,SMC Labour - 2nd Fix: Access Control
SMC-LAB-EN-AT,SMC Labour - Site Attendance
SMC-LAB-EN-AU,SMC Labour - 2nd Fix: Audio
SMC-LAB-EN-CO,SMC Labour - 2nd Fix: Control
SMC-LAB-EN-DA,SMC Labour - 2nd Fix: Data
SMC-LAB-EN-LI,SMC Labour - 2nd Fix: Lighting
SMC-LAB-EN-SC,SMC PAYG Standard Callout (inc first hour labour)
SMC-LAB-EN-SE,SMC Labour - 2nd Fix: Security
SMC-LAB-EN-SN,SMC Callout for Maintenance Client (inc first hour labour)
SMC-LAB-EN-TE,SMC Labour - 2nd Fix: Telephone
SMC-LAB-EN-VI,SMC Labour - 2nd Fix: Video
SMC-LAB-FF-AC,SMC Labour - Final Fit: Access Control
SMC-LAB-FF-AU,SMC Labour - Final Fit: Audio
SMC-LAB-FF-CO,SMC Labour - Final Fit: Control
SMC-LAB-FF-DA,SMC Labour - Final Fit: Data
SMC-LAB-FF-IT,SMC Labour - Final Fit: IT
SMC-LAB-FF-LI,SMC Labour - Final Fit: Lighting
SMC-LAB-FF-SE,SMC Labour - Final Fit: Security
SMC-LAB-FF-TE,SMC Labour - Final Fit: Telephone
SMC-LAB-FF-VI,SMC Labour - Final Fit: Video
SMC-LAB-HR-RC,SMC hourly labour rate for Maintenance Client
SMC-LAB-HR-ST,SMC PAYG Hourly Labour Rate
SMC-LAB-ISF,SMC Labour - ISF Calibration
SMC-LAB-LUT-CO,SMC Labour - Lutron Commissioning (Onsite)
SMC-LAB-LUT-KI,SMC Labour - Lutron Keypad Installation
SMC-LAB-LUT-PB,SMC Labour - Lutron Panel Build
SMC-LAB-LUT-PI,SMC Labour - Lutron Panel Installation
SMC-LAB-LUT-PP,SMC Labour - Lutron Pre-Programing (Offsite)
SMC-LAB-PR-AA,SMC Labour - Programming:  Audio Access
SMC-LAB-PR-AC,SMC Labour - Programming: Access Control
SMC-LAB-PR-AX,SMC Labour - Programming: AMX
SMC-LAB-PR-CR,SMC Labour - Programming: Crestron
SMC-LAB-PR-LE,SMC Labour - Programming: Lexicon
SMC-LAB-PR-LI,SMC Labour - Programming: Lighting
SMC-LAB-PR-LN,SMC Labour - Programming: Linn
SMC-LAB-PR-ME,SMC Labour - Programming: Meridian
SMC-LAB-PR-PT,SMC Labour - Programming: Pronto
SMC-LAB-PR-SE,SMC Labour - Programming: Security
SMC-LAB-PR-TE,SMC Labour - Programming: Telephone
SMC-LAB-PR-VI,SMC Labour - Programming: Video
SMC-LAB-PR-VS,SMC Labour - Programming: Video - ISF setup/Calibration
SMC-LAB-TR-AV,SMC Labour - Travelling Time
SMC-LAB-VE-CO,SMC Labour - Video Entry Commissioning
SMC-LAB-VE-IN,SMC Labour - Video Entry Installation
SMC-LCC-10-PD,SMC London Congestion Charge (per day)
SMC-MAI-AC-00,SMC Maintenance - Access Control
SMC-MAI-AV-EXL,SMC Aftercare Gold Maintenance (Estimated Cost - Extra Large System)
SMC-MAI-AV-LRG,SMC Aftercare Gold Maintenance (Estimated Cost - Large System)
SMC-MAI-AV-MED,SMC Aftercare Gold Maintenance (Estimated Cost - Medium System)
SMC-MAI-AV-SML,SMC Aftercare Gold Maintenance (Estimated Cost - Small System)
SMC-MAI-SE-00,SMC Security Maintenance - Small System < 16 Devices
SMC-MAI-SE-01,SMC Security Maintenance - Medium System (17-50 Devices)
SMC-MAI-SE-011,Total Care for Redcare
SMC-MAI-SE-02,SMC Security Maintenance - Large System (50-100 Devices)
SMC-MAI-SE-03,SMC Security Maintenance - Extra Large System (100+ Devices)
SMC-MAI-SE-07,Redcare - Additional channel(s)
SMC-MAI-SE-14,Panic Attack Intervention
SMC-MAI-SE-17,Point ID
SMC-MAI-SE-18,"SMC Security Maintenance Bolt-On, per additional 50 Devices"
SMC-MAI-SE-20,SMC Security Maintenance no Callouts inc. - 16 Devices
SMC-MAI-SE-21,SMC Security Maintenance no Callouts inc. - 17-50 Devices
SMC-MAI-SE-22,SMC Security Maintenance no Callouts inc. - 50-100 Devices
SMC-MAI-SE-23,SMC Security Maintenance no Callouts inc. - 100 Devices
SMC-MAI-SE-44,"AddSecure DP2 (Police Resp) - Connect, Parts, Install"
SMC-MAI-SE-45,AddSecure DP2 (Police Resp) - Annual Monitoring
SMC-MAI-SE-46,"RedCare Advanced Ex G4 (Police Resp) - Connect, Parts, Insta"
SMC-MAI-SE-47,RedCare Advanced Extra G4 (Police Resp) - Annual Monitoring
SMC-MAI-SE-48,"Texecom SmartCom 4G (Police Resp) - Connect, Parts, Installation"
SMC-MAI-SE-49,Texecom SmartCom 4G - Annual Monitoring
SMC-MAI-SE-50,"CSL GradeShift Pro 2 DP2  (Police Resp) - Connect, Parts, Installation"
SMC-MAI-SE-51,CSL GradeShift Pro 2 DP2 (Police Resp) - Annual Monitoring
SMC-MAI-SE-52,CSL DigiAir Pro 3 (Police Resp) - Annual Monitoring
SMC-MAI-SE-53,"CSL DigiAir Pro 3 (Police Resp) - Connect, Parts, Installation"
SMC-O&M-FOL-DR,SMC O&M Client Folder
SMC-PAR-KI-NG,SMC Vehicle Parking - Provisional Sum - Charged at Cost
SMC-PRJ-MG-00,SMC Labour - Project Management
SMC-PRO-43-75,SMC Labour - Programming: General
SMC-RACK-CUP-24,Mid Atl 24U Rotating Sliding Rail Rack - Complete
SMC-RACK-CUP-24A,Mid Atl 24U Rotating Sliding Rail Rack - Basic Rack Kit
SMC-RACK-CUP-24B,Mid Atl 24U Rotating Sliding Rail Rack - Cooling Kit add-on
SMC-RACK-CUP-24C,Mid Atl 24U Rotating Sliding Rail Rack - Surge and Power add
SMC-RACK-MRK-24,Mid Atl 24U MRK Gangable Rack - Complete
SMC-RACK-MRK-24A,Mid Atl 24U MRK Gangable Rack - Basic Rack Kit
SMC-RACK-MRK-24B,Mid Atl 24U MRK Gangable Rack - Cooling Kit add-on
SMC-RACK-MRK-24C,Mid Atl 24U MRK Gangable Rack - Surge and Power add-on
SMC-RACK-MRK-44,Mid Atl 44U MRK Gangable Rack - Complete
SMC-RACK-MRK-44A,Mid Atl 44U MRK Gangable Rack - Basic Rack kit
SMC-RACK-MRK-44B,Mid Atl 44U MRK Gangable Rack - Cooling Kit add-on
SMC-RACK-MRK-44C,Mid Atl 44U MRK Gangable Rack - Surge and Power add-on
SMC-RACK-QAR-21A,Mid Atl 21U Quick Assembly Rack - Basic Rack Kit
SMC-RACK-QAR-21B,Mid Atl 21U Quick Assembly Rack - Cooling Kit add-on
SMC-RACK-QAR-21C,Mid Atl 21U Quick Assembly Rack - Surge and Power add-on
SMC-RACK-QAR-42,Mid Atl 42U Quick Assembly Rack - Complete
SMC-RACK-RCS-18,Mid Atl 18U Residential Configured Rack - Complete
SMC-RACK-RCS-18A,Mid Atl 18U Residential Configured Rack - Basic Rack Kit
SMC-RACK-RCS-18B,Mid Atl 18U Residential Configured Rack - Cooling Kit add-on
SMC-RACK-RCS-18C,Mid Atl 18U Residential Configured Rack - Surge & Power add
SMC-RACK-RCS-27,Mid Atl 27U Residential Configured Rack - Complete
SMC-RACK-RCS-27A,Mid Atl 27U Residential Configured Rack - Basic Rack Kit
SMC-RACK-RCS-27B,Mid Atl 27U Residential Configured Rack - Cooling Kit add-on
SMC-RACK-RCS-27C,Mid Atl 27U Residential Configured Rack - Surge & Power add
SMC-RACK-RCS-42,Mid Atl 42U Residential Configured Rack - Complete
SMC-RACK-RCS-42A,Mid Atl 42U Residential Configured Rack - Basic Rack Kit
SMC-RACK-RCS-42B,Mid Atl 42U Residential Configured Rack - Cooling Kit add-on
SMC-RACK-RCS-42C,Mid Atl 42U Residential Configured Rack - Surge & Power add
SMC-RACK-SLI-M5,Mid Atl 43U Slim 5 Rack - Complete
SMC-RACK-SLI-M5A,Mid Atl 43U Slim 5 Rack - Basic Rack Kit
SMC-RACK-SLI-M5C,Mid Atl 43U Slim 5 Rack - Surge and Power add-on
SMC-RACK-WALL-35,Mid Atl 35U DWR Hinged Wall Cabinet - Complete
SMC-RACK-WALL-35A,Mid Atl 35U DWR Hinged Wall Cabinet - Basic Rack Kit
SMC-RACK-WALL-35B,Mid Atl 35U DWR Hinged Wall Cabinet - Cooling Kit add-on
SMC-RACK-WALL-35C,Mid Atl 35U DWR Hinged Wall Cabinet - Surge and Power add-on
SMC-RACK-WR-44,Mid Atl 44U WR Rack - Complete
SMC-RACK-WR-44A,Mid Atl 44U WR Rack - Basic Rack Kit
SMC-RACK-WR-44B,Mid Atl 44U WR Rack - Cooling Kit add-on
SMC-RACK-WR-44C,Mid Atl 44U WR Rack - Surge and Power add-on
SMC-REPAIR,Service / Repair
SMC-ROF-00-00,External Aerial / Satellite Work
SMC-ROF-01-00,TV/FM Aerials & Mountings
SMC-ROF-02-00,60cm Satellite Dish & Quad LNB
SMC-SUB-CT-01,SMC Sub-Contractor
SMC-TRAVEL-SUBS,"Travel, Accommodation & Subsistance - Provisional Sum"
SMCAVLEA1PH,SMC Small Audio Visual Lead Pack
SMCAVLEA2PH,SMC Audio Visual Lead Pack
SMCAVLEASP,SMC Small Audio Visual Lead Pack
SMCBTSETUP,SMC BT Line Setup
SMCIRMAN10,SMC 10 Source IR Management Pack
SMCRMIRR,SMC Room IR Receiver Pack
SNY-BLU-X800-BL,SONY 4K Ultra HD Blu-Ray Player (Multi-Region)
SNY-LED-A90K-42,"Sony 42"" Bravia XR OLED TV"
SNY-LED-A90K-48,"Sony 48"" Bravia XR OLED TV"
SNY-LED-A95-77,"Sony PRO 77"" Bravia 4K OLED TV (3yr AR) - Premium"
SNY-LED-BZ3-32,"Sony PRO 32"" Professional Display (w/ 3yr AR) - Premium"
SNY-LED-BZ5-98,"Sony PRO 98"" Professional Display (w/ 3yr AR) - Premium"
SNY-LED-XR7P-55,"Sony 55"" Bravia 7 XR Mini LED TV"
SNY-LED-XR7P-65,"Sony PRO 65"" Bravia 7 XR Mini LED TV (w/ 3yr AR)"
SNY-LED-XR7P-75,"Sony PRO 75"" Bravia 7 XR Mini LED TV (w/ 3yr AR)"
SNY-LED-XR7P-85,"Sony PRO 85"" Bravia 7 XR Mini LED TV (w/ 3yr AR)"
SNY-LED-XR8M2-55,"Sony PRO 55"" Bravia 8 XR OLED TV MKII (3yr AR) - Premium"
SNY-LED-XR8M2-65,"Sony PRO 65"" Bravia 8 XR OLED TV MKII (3yr AR) - Premium"
SNY-LED-XR8P-55,"Sony PRO 55"" Bravia 8 XR OLED TV (w/ 3yr AR)"
SNY-LED-XR8P-65,"Sony PRO 65"" Bravia 8 XR OLED TV (w/ 3yr AR)"
SNY-LED-XR8P-77,"Sony PRO 77"" Bravia 8 XR OLED TV (w/ 3yr AR)"
SNY-LED-XR9P-65,"Sony PRO 65"" Bravia 9 XR Mini LED TV (w/ 3yr AR) - Premium"
SNY-LED-XR9P-75,"Sony PRO 75"" Bravia 9 XR Mini LED TV (w/ 3yr AR) - Premium"
SNY-LED-XR9P-85,"Sony PRO 85"" Bravia 9 XR Mini LED TV (w/ 3yr AR) - Premium"
SON-ARR-JNT-BOX,Sonance Outdoor Garden IP68 Jointing Box
SON-AS68-RD-MOU,Sonance Architectural AS68 Round Mounting Platform
SON-AS68-RS-SPK,Sonance Architectural AS68RS Speaker (Single)
SON-AS68-SQ-MOU,Sonance Architectural AS68 Square Mounting Platform PLASTER
SON-AS68-SS-MOU,Sonance Architectural AS68 Mounting Platform SOLID WALL
SON-AVL-01-BL,^Sonance AVL1 Source Selector - Black
SON-DSP-21-50,Sonance Sonamp DSP 2-150 Digital Amplifier
SON-DSP-27-50,Sonance Sonamp DSP 2-750 Digital Amplifier
SON-DSP-81-30,Sonance Sonamp DSP 8-130 Digital Amplifier
SON-DSP-INP-MD,Sonance DSP Digital Input Module
SON-DSP-RK-MB,Sonance DSP 2-150 Rack Mount Bracket (Pair)
SON-HS-12T-SUB,Sonance Hardscape HS12T Subwoofer
SON-IS10-PI-ENC,Sonance Invisible Series Enclosure for IS10
SON-IS10-PI-SPK,Sonance IS10 Invisible Series Speaker (Pair)
SON-IS10W-PI-SPK,Sonance IS10W Invisible Series Subwoofer
SON-IS6-PI-ENC,Sonance Invisible Series Enclosure for IS6
SON-IS6-PI-SPK,Sonance IS6 Invisible Series Speaker (Pair)
SON-IS8-PI-ENC,Sonance Invisible Series Enclosure for IS8
SON-IS8-PI-SPK,Sonance IS8 Invisible Series Speaker (Pair)
SON-LS-12T-SUB,Sonance Landscape LS12T Subwoofer
SON-LS-15T-SUB,Sonance Landscape LS15T Subwoofer
SON-LS-4T-SAT,Sonance Landscape LS4T Satellite Speaker
SON-LS-4T-SPI,Sonance LS4T Mounting Spikes
SON-LS-6T-SAT,Sonance Landscape LS6T Satellite Speaker
SON-LS-6T-SPI,Sonance LS6T Mounting Spikes
SON-LS-SF-MNT,Sonance Landscape Surface Mount Bracket for LS Sat
SON-OS-AMP-BK,Sanus Wall Mount For Sonos AMP - Black
SON-OS-AMP-BK4,Wall Mount for 4 x Sonos AMPs
SON-OS-AMP-BL,Sonos AMP - Black
SON-OS-AMP-WMB,^Wall Mount Bracket for Connect: Amp (ZP 120)
SON-OS-ARC-BL,^Sonos Arc - Black
SON-OS-ARC-UB,Sonos Arc Ultra - Black
SON-OS-ARC-UW,Sonos Arc Ultra - White
SON-OS-ARC-WB,^Sonos Arc Wall Bracket - Black
SON-OS-ARC-WBU,Sonos Arc Ultra Wall Bracket - Black
SON-OS-BE-AM,Sonos Beam - Black (Gen2)
SON-OS-BE-AMW,Sonos Beam - White (Gen2)
SON-OS-ERA-1B,Sonos ERA 100 - Black
SON-OS-ERA-1W,Sonos ERA 100 - White
SON-OS-ERA-3B,Sonos ERA 300 - Black
SON-OS-ERA-3SB,Sonos ERA 300 Floor Stand  - Black (Pair)
SON-OS-ERA-3SW,Sonos ERA 300 Floor Stand  - White (Pair)
SON-OS-ERA-3W,Sonos ERA 300 - White
SON-OS-MO-VE,Sonos Move 2 - (Specify Colour)
SON-OS-MSUB-BL,Sonos Mini Sub - Black
SON-OS-MSUB-WH,Sonos Mini Sub - White
SON-OS-PO-PSU,Dantech 16 Way PSU for Sonos Ports
SON-OS-PO-RT,Sonos Port - Black
SON-OS-S5-BL,Sonos Five - Black
SON-OS-S5-WH,Sonos Five - White
SON-OS-SUB4-BG,Sonos Sub 4 - Black
SON-OS-SUB4-WG,Sonos Sub 4 - White
SON-SGS-AMP-SYS,Sonance Garden Series System with DSP 2-150 Amp (Bundle)
SON-SGS-SPK-SYS,Sonance Garden Series System (w/o Amp)
SON-VP66R-SIN-ST,Sonance Visual Performance VP66R SST Speaker
SON-XSS-TR-65,Sonance Extreme VPXT6R SST Single Stereo Speaker
SON-XST-TR-6R,Sonance Extreme VPXT6R Inceiling Speakers (Pair)
SON-XST-TR-8R,Sonance Extreme VPXT8R Inceiling Speakers (Pair)
SOU-GRF-EQ-2B,^Sound Advance Graphic Equaliser for SA2B Speakers
STE-LYN-A1-AMP,"A1 Amplifier, 2 x 400W, (Black)"
STE-LYN-A2-AMP,"A2 Amplifier, 4 x 400W, (Black)"
STE-LYN-P300-PRO,P300 2.1 Surround Processor
STE-LYN-S15-AN,"S-15 Speaker, On-Wall, Anodized (Satin Silver/ Matte Black)"
STE-LYN-S15-FAB,S-15 Front/Fabric (Black)
STE-LYN-S15-HG,"S-15 Speaker, On-Wall, High Gloss (Black OR White)"
STE-LYN-S15-IW,"IW-15 Speaker, In-Wall, Matte (Black)"
STE-LYN-S15-IWB,IW-15 In Ceiling Backbox
STE-LYN-S15-TS,"S-15 Table Stand, Anodized (Satin Silver/Matte Black)"
STE-LYN-S16-IW,"IW-16 Speaker, In-Wall, Matte (Black)"
STE-LYN-S16-IWB,IW-16 In Ceiling Backbox
STE-LYN-S210-HG,"S-210 Boundary Woofers, High Gloss (Black / White)"
STE-LYN-S210-MAT,"S-210 Boundary Woofers, Matte (Black / Silver)"
STE-LYN-SP1-PRO,SP-1 Stereo Processor (Black)
STO-ISP-CORE-16,StormAudio Core 16 Channel Immersive Surround Processor
STO-ISP-ELITE-16,StormAudio Elite MK3 16 Channel Processor - Analog
STO-ISP-ELITE-24,StormAudio Elite MK3 24 Channel Processor - Analog
STO-ISP-ELITE-32,StormAudio Elite MK3 32 Channel Processor - Analog
SUR-POW-CON-8P,SurgeX Power Conditioner - 1U 8 Port
SUR-POW-CON-IP,"SurgeX Power Conditioner - 1U 8 Port, IP Version 16A"
SUR-UPS-30-00,SurgeX Standalone UPS - 3000VA
SUR-UPS-60-00,SurgeX Standalone UPS - 6000VA
SUR-UPS-BAT-EX,SurgeX Battery Expansion Pack for 3000Va UPS
SUR-UPS-BAT-EX6,SurgeX Battery Expansion Pack for 6000Va UPS
SUR-UPS-SN-MP,SurgeX SNMP Card For UPS Network Control
TEL-FIB-4W-SPL,Televes 4 Way Optical Box Splitter
TRI-LNB-QU-AD,Triax Quad Output LNB
TRI-LNB-QU-AT,Triax Quattro LNB
TRI-NAN-LCR-30,Triad Nano LCR 3.0 Speaker - Black
TRIA-DSCR-MSW,Triax TdSCR 504 Multiswitch + PSU
TRIA-FIB-DCSS-ADP,Triax TMDS 42 C dSCR Multiswitch + PSU
TRIA-RCA-1M-BL,Triax - RCA Module [Black]
TRIA-RCA-1M-WH,^Triax - RCA Module [White]
TRIA-SPK-1M-BL,Triax - Speaker Module [Black]
TRIA-SPK-1M-WH,Triax - Speaker Module [White]
UBI-U7-PRO-AP,Ubiquiti UniFi Pro Tri-Band WiFi 7 Ceiling AP
UBI-U7-PRO-EXT,Ubiquiti UniFi WiFi 7 Pro Outdoor Access Point
UBI-U7-PRO-MAX,Ubiquiti UniFi Pro Max Tri-Band WiFi 7 Ceiling AP
UBI-U7-PRO-WAL,Ubiquiti UniFi Pro Wall WiFi 7 Wall Mounted AP
UBI-UCG-FIB-ROU,Ubiquiti UniFi Cloud Gateway Fibre Broadband Router
UBI-UCG-MAX-ROU,Ubiquiti UniFi Cloud Gateway Max Broadband Router
UBI-UDM-PRO-MAX,Ubiquiti UniFi Dream Machine Pro Max
UBI-UPOE-PLUS,Ubiquiti UniFi U-PoE+ Gigabit PoE+ Injector (30w)
UBI-USW-24-G2,Ubiquiti UniFi 24-Port Cloud Managed Gigabit Switch
UBI-USW-24P-G2,Ubiquiti UniFi Pro 24 Port PoE L3 Managed Switch
UBI-USW-24P-MAX,Ubiquiti UniFi Pro Max 24 Port PoE L3 Managed Switch
UBI-USW-48-G2,Ubiquiti UniFi 48-Port Cloud Managed Gigabit Switch
UBI-USW-48P-G2,Ubiquiti UniFi Pro 48 Port PoE L3 Managed Switch
UBI-USW-48P-MAX,Ubiquiti UniFi Pro Max 48-Port PoE L3 Managed Switch
UBI-USW-8L-IT,Ubiquiti UniFi 8-Port Cloud Managed Gigabit PoE+ Switch
VEL-SC-IW-AMP,Velodyne Sub Contractor Series Amplifier
VEL-SC-IW-BB,Velodyne Sub Contractor Series In-Wall Backbox
VEL-SC-IW-SUB,Velodyne Sub Contractor Series In-Wall Subwoofer
VEL-SUB-10-BL,"Velodyne DD10+ 10"" Sub - Black"
VEL-SUB-D18-BL,"Velodyne DD18+ 18"" Sub - Black"
VEL-SUB-D2-BL,"Velodyne DD12+ 12"" Sub - Black"
VER-HWPS-BAS,Veracity Highwire Powerstar - Base Unit
VER-HWPS-CAM,Veracity Highwire Powerstar - Camera Unit
VER-HWPS-PSU,Veracity Highwire Powerstar - PSU 800mA
VIS-AMP-114-01,Vision 5 Input/Output 114dB Sat+Terr+12v launch Amp
VIS-AMP-31-WH,Vision Amp 4 x Sat+Ter Dc
VIS-AMP-IL-17,Global Line Amplifier 9-16dB
VIS-MOD-01-WH,Vision V40-104 Single Channel Mono Modulator - White
VIS-TVL-01-BL,Vision SLX Link TV Link Eye - Black
VIS-TVL-01-IO,Global iO-Link TVLink RF Out Replicator
VIS-TVL-08-BL,Vision TV Link Eye F180 8 Way Amplifier 8dB - Black
VIS-V5-08-SWI,Vision V5 8 Way Multiswitch  (line powered)
VIS-V5-12-SWI,Vision V5 12 Way Multiswitch  (line powered)
VIS-V5-16-SWI,Vision V5 16 Way Multiswitch  (line powered)
VIS-V5-24-SWI,Vision V5 24 Way Multiswitch  (line powered)
VIS-V5-2WAY-SPL,^Vision V5-204   5input/10out 2Way Splitter
VIS-V5-32-SWI,Vision V5 32 Way Multiswitch  (line powered)
VIS-V5-4WAY-SPL,Vision EV5-408   5input/20out 4Way Splitter
VIS-V5-CT-125,Vision V5 CT125 Reducing F Crimp
VIS-V5-PSU-18V,Vision V5/V9 Power Supply 18v - EV5-034
VIS-V5-SKYQ-DSCR,Vision EV5-D2S 2-Output dSCR Multiswitch (Line Powered)
VIS-V9-12-SW1,Vision V9 12 Way Multiswitch  (Line powered)
VIS-V9-16-SW1,Vision V9 16 Way Multiswitch  (Line powered)
VIS-V9-24-LP,Vision V9 24 Way Multiswitch  (Line powered)
VIS-V9-32-LP,Vision V9 32 Way Multiswitch  (Line powered)
VIS-V9-4W-SPL,Vision V9 4-way splitter
VIS-V9-8-SW1,Vision V9 8 Way Multiswitch  (Line Powered)
VOG-THIN-545-BL,"Vogels Thin 545 Double Arm Swing out Bracket for 40-65"" TVs"
WIS-ICI6-IC-SPK,Wisdom Insight ICI6 In Ceiling Speaker
WIS-ICS-3-SPK,Wisdom Sage ICS3 Small Aperture In Ceiling Speaker (Specify)
WIS-ICS-7A-SPK,Wisdom Sage ICS7a In Ceiling Speaker - White Grille
WIS-L75I-IW-SPK,Wisdom Sage L75i In-Wall Speaker (White Grille)
WIS-P38I-IW-SPK,Wisdom Sage P38i MTM In-Wall Speaker (White Grille)
WIS-P4I-IW-SPK,Wisdom Insight P4i In-Wall Speaker - White Grille
WIS-P6I-IW-SPK,Wisdom Insight P6i In-Wall MTM Speaker - White Grille
WIS-P9M-LCR-SB,Wisdom P9M Insight Passive Custom LCR Soundbar (**LENGTH**)
WIS-S90I-IW-SUB,Wisdom S90i In-Wall Passive Subwoofer - White Grille
WIS-SA2-AMP,Wisdom SA-2 Two Channel Power Amplifier
WIS-SA2-AMP-DSP,Wisdom SA-2 Two Channel Power Amplifier with DSP
WIS-SA3-AMP,Wisdom SA-3 Three Channel Power Amplifier
WIS-SA3-AMP-DSP,Wisdom SA-3 Three Channel Power Amplifier with DSP
WIS-SA8-AMP,Wisdom SA-8 Eight Channel Power Amplifier
WIS-SA8-AMP-DSP,Wisdom SA-8 Eight Channel Power Amplifier with DSP
WIS-SUB1-IC-SUB,Wisdom SUB1 Passive In Ceiling Subwoofer (Specify)
WIS-SW1-AMP-SUB,Wisdom SW-1 DSP Subwoofer Amplifier (Specify)
WYR-CAB-HDM-30M,^Wyrestorm Fibre HDMI Cable - 30m
WYR-HD-EXT-70-4K,Wyrestorm 4K P2P Extender Kit (70m) with POH HDCP2.2
WYR-HD-REC-70-4K,^Wyrestorm HDBaseT 4K Receiver (70m) Single UTP
XAN-CON-00-BL,^Xantech 789 Connecting Block - Black
XAN-DIN-00-BL,Xantech DL85 Dinky Link - Black
XAN-EMM-BLI-BL,Xantech IR Blink Single Mouse Emitters - Black
XAN-EMM-BLI-MS1,Xantech IR Blink Single Mouse Emitters Cover - Black
XAN-KIT-480-BL,Xantech Dinkylink IR Receiver Kit - Black
ZBUBBLE,Stock Room Bubble Wrap
ZDESIGNPAPER,HP2600 Plotter Paper 841x110m 90gsm
ZDESIGNPAPERA3,HP2600 A3 Plotter Paper 420x110 90gsm
ZSTATIONARY,Office Stationery
ZTAPE,Tesapack Strong Clear Packing Tape (6pk)
ZTAPEPAPER,Strong Kraft Brown Paper Packaging Tape (6pk)
ZVELCRO,Heavy Duty Velcro 50mm x 2.5m (1 Box)
